id,name,type,size,country,address,lat,lng,website,facebook group,facebook page,description,added by,created
1,Step Slackliners Armenia,Team; Community,Medium,Armenia,Yerevan,40.17918014526367,44.49909973144531,,https://www.facebook.com/groups/stepslackers/,https://www.facebook.com/armeniaslackline/,,Nir Avneyon,2017-07-12T21:51:06Z
2,Slackline Sydney,Community,Large,Australia,Sydney,-33.86882019042969,151.2093048095703,,https://www.facebook.com/groups/SlacklineSydney/,,,Nir Avneyon,2017-07-12T21:51:06Z
3,The Bondi Slackliners,Community,Medium,Australia,Sydney Bondi,-33.8914794921875,151.2767028808594,,https://www.facebook.com/groups/172249732969223/,,,Nir Avneyon,2017-07-12T21:51:06Z
4,Camden fire twirling + slackline community,Community,Medium,Australia,Campbelltown,-34.06499862670898,150.8141937255859,,https://www.facebook.com/groups/502982613083936/,,,Nir Avneyon,2017-07-12T21:51:06Z
5,Slackline Wollongong,Community,Medium,Australia,Wollongong,-34.42781066894531,150.8930969238281,,https://www.facebook.com/groups/889032734481958/,,,Nir Avneyon,2017-07-12T21:51:06Z
6,Slackline Brisbane,Community,Large,Australia,Brisbane,-27.46977043151856,153.0251007080078,,https://www.facebook.com/groups/slacklinebrisbane,,,Nir Avneyon,2017-07-12T21:51:06Z
7,Slackline Gold Coast,Community,Medium,Australia,Gold Coast,-28.01667022705078,153.3999938964844,,https://www.facebook.com/groups/slacklinegoldcoast/,,,Nir Avneyon,2017-07-12T21:51:06Z
8,Slackline Tasmania,Community,Medium,Australia,Tasmania,-41.45452117919922,145.970703125,,https://www.facebook.com/groups/1712851322261180/,,,Nir Avneyon,2017-07-12T21:51:06Z
9,Slackline Melbourne,Community,Large,Australia,Melbourne,-37.8136100769043,144.9631042480469,,https://www.facebook.com/groups/slacklinemelbourne/,,,Nir Avneyon,2017-07-12T21:51:06Z
10,Slackline Perth,Community,Medium,Australia,Perth,-31.95052909851074,115.8604965209961,,https://www.facebook.com/groups/202879596433035/,,,Nir Avneyon,2017-07-12T21:51:06Z
11,Slackline Canberra,Community,Tiny,Australia,Canberra,-35.28094100952148,149.1300048828125,,https://www.facebook.com/groups/SlacklineCanberra,https://www.facebook.com/slacklifecanberra/,,Nir Avneyon,2017-07-12T21:51:06Z
12,Highline: Mount Arapiles,Community,Medium,Australia,Mount Arapiles,-36.75222015380859,141.8347015380859,,https://www.facebook.com/groups/203915803308830/,,,Nir Avneyon,2017-07-12T21:51:06Z
13,Tiroliners - Slacklinen in Tirol,Team; Community,Medium,Austria,Innsbruck,47.26921081542969,11.40410041809082,,,https://www.facebook.com/Tiroliners,,Nir Avneyon,2017-07-12T21:51:06Z
14,Vienna Slackliners,Team; Community,Large,Austria,Vienna,48.20817947387695,16.37381935119629,http://www.vienna-slackliners.at/,,https://www.facebook.com/viennaslackliners/,,Nir Avneyon,2017-07-12T21:51:06Z
15,BeSlack,Team; Community,Large,Belgium,Brussels,50.850341796875,4.351709842681885,,,https://www.facebook.com/BeSlackASBL,,Nir Avneyon,2017-07-12T21:51:06Z
16,Slack-in Liege,Community,Medium,Belgium,Liege,50.63256072998047,5.579666137695313,,https://www.facebook.com/groups/325253400861405/,,,Nir Avneyon,2017-07-12T21:51:06Z
17,slackline & slack rope group Mechelen,Community,Tiny,Belgium,Mechelen,51.02587890625,4.477536201477051,,https://www.facebook.com/groups/1464792160430921/,,,Nir Avneyon,2017-07-12T21:51:06Z
18,Slack-Leuven,Community,Small,Belgium,Leuven,50.87984085083008,4.700518131256104,,https://www.facebook.com/groups/1514284422184421/,,,Nir Avneyon,2017-07-12T21:51:06Z
19,Slacklining Bulgaria,Community,Medium,Bulgaria,,42.73368835449219,25.48600006103516,,https://www.facebook.com/groups/SlackliningBulgaria/,,,Nir Avneyon,2017-07-12T21:51:06Z
20,Slackline Sarajevo,Community,Medium,Bosnia and Herzegovina,Sarajevo,43.85625839233398,18.4130802154541,,https://www.facebook.com/groups/slacklinesarajevo/,,,Nir Avneyon,2017-07-12T21:51:06Z
21,Pico do Highline,Community,Huge,Brazil,,-14.23499965667725,-51.9252815246582,,https://www.facebook.com/groups/picohighline/,,,Nir Avneyon,2017-07-12T21:51:06Z
22,Bow Valley Slackliners,Community,Small,Canada,Calgary,51.04861068725586,-114.07080078125,,https://www.facebook.com/groups/1704716063086566,,,Nir Avneyon,2017-07-12T21:51:06Z
23,Slackling in Vancouver,Community,Large,Canada,Vancouver,49.28273010253906,-123.1206970214844,,https://www.facebook.com/groups/slacklinevancouver/,,,Nir Avneyon,2017-07-12T21:51:06Z
24,SlackLifeBC,Team,Huge,Canada,British Columbia,52.90745162963867,-126.3182983398438,,,https://www.facebook.com/SlacklifeBC/,,Nir Avneyon,2017-07-12T21:51:06Z
25,Toronto Slackline,Community,Medium,Canada,Toronto,43.65322113037109,-79.38318634033203,,https://www.facebook.com/groups/torontoslackline/,,,Nir Avneyon,2017-07-12T21:51:06Z
26,Saskatoon Slackline,Community,Medium,Canada,Saskatoon,52.13320922851563,-106.6699981689453,,https://www.facebook.com/groups/207564845928191/,,,Nir Avneyon,2017-07-12T21:51:06Z
27,Slackline Québec,Community,Medium,Canada,Québec,52.93991088867188,-73.54913330078125,,https://www.facebook.com/groups/200606890035367/,,,Nir Avneyon,2017-07-12T21:51:06Z
28,Slackline Montréal,Community,Large,Canada,Montréal,45.50168991088867,-73.56725311279297,,,https://www.facebook.com/slacklinemontreal/,,Nir Avneyon,2017-07-12T21:51:06Z
29,Slackline Chile,Community,Huge,Chile,,-35.2740592956543,-71.11222076416016,,,https://www.facebook.com/slacklineenchile/,,Nir Avneyon,2017-07-12T21:51:06Z
30,Federación de Slackline Chile - Feslach,Community; Team,Large,Chile,,-35.2740592956543,-71.11222076416016,,,https://www.facebook.com/feslach/,,Nir Avneyon,2017-07-12T21:51:06Z
31,Sanbekaliners Slackline Chile,Team,Huge,Chile,,-35.2740592956543,-71.11222076416016,,,https://www.facebook.com/sanbekaliners/,,Nir Avneyon,2017-07-12T21:51:06Z
32,Slackline Rijeka,Community,Medium,Croatia,Rijeka,45.32706069946289,14.44217967987061,,https://www.facebook.com/groups/slacklinerijeka/,,,Nir Avneyon,2017-07-12T21:51:06Z
33,Slackline Zagreb,Community,Medium,Croatia,Zagreb,45.81501007080078,15.98192024230957,,https://www.facebook.com/groups/Slackline.Zagreb/,,,Nir Avneyon,2017-07-12T21:51:06Z
34,Slackline Aarhus,Community,Medium,Denmark,Aarhus,56.16294097900391,10.20392036437988,,https://www.facebook.com/groups/113988152063715/,,,Nir Avneyon,2017-07-12T21:51:06Z
35,Slackline CPH,Community,Large,Denmark,Copenhagen,55.67610168457031,12.56834030151367,,https://www.facebook.com/groups/SlacklineCopenhagen/,,,Nir Avneyon,2017-07-12T21:51:06Z
36,Slackline Jyväskylä,Community,Small,Finland,Jyväskylä,62.24259948730469,25.74725914001465,,https://www.facebook.com/groups/368158279998301,,,Nir Avneyon,2017-07-12T21:51:06Z
37,Riviera Slack,Community,Medium,France,Nice,43.71017074584961,7.261952877044678,,https://www.facebook.com/groups/rs06paca/,,,Nir Avneyon,2017-07-12T21:51:06Z
38,Slack de Noeuds,Community; Association,Tiny,France,Belfort,47.63967895507813,6.86384916305542,,,https://www.facebook.com/slackdenoeuds,,Nir Avneyon,2017-07-12T21:51:06Z
39,Slackline à Aix en Provence,Community,Large,France,Aix en Provence,43.52973937988281,5.447426795959473,,https://www.facebook.com/groups/slack.aix/,,,Nir Avneyon,2017-07-12T21:51:06Z
40,Tous en Sangle,Community,Large,France,Bordeaux,44.83779144287109,-0.5791800022125244,,https://www.facebook.com/groups/232288370151449/,,,Nir Avneyon,2017-07-12T21:51:06Z
41,Slack Dijon Spot,Community,Medium,France,Dijon,47.32204818725586,5.04148006439209,,https://www.facebook.com/groups/405413522889704/,,,Nir Avneyon,2017-07-12T21:51:06Z
42,Vosges'en slack,Community,Small,France,Epinal,48.17240142822266,6.449402809143066,,https://www.facebook.com/groups/133342003532246/?qsefr=1,,,Nir Avneyon,2017-07-12T21:51:06Z
43,C'est slack...er bon,Community,Large,France,Grenoble,45.18852996826172,5.724524021148682,,https://www.facebook.com/groups/cestslackerbon,,,Nir Avneyon,2017-07-12T21:51:06Z
44,Ekilibre Lyon,Community,Large,France,Lyon,45.76404190063477,4.835659027099609,,https://www.facebook.com/groups/201435976681307,,,Nir Avneyon,2017-07-12T21:51:06Z
45,Les Mous de la Sangle,Community,Large,France,Montpellier,43.61077117919922,3.876715898513794,,https://www.facebook.com/groups/328188467234981/,,,Nir Avneyon,2017-07-12T21:51:06Z
46,Les Têtes à Slack,Community,Large,France,Alpes Maritimes,43.94667816162109,7.179026126861572,,https://www.facebook.com/groups/tetes.a.slack/,,,Nir Avneyon,2017-07-12T21:51:06Z
47,Ata slack,Community; Association,Medium,France,Nice,43.71017074584961,7.261952877044678,,https://www.facebook.com/groups/1435437663374880/,,,Nir Avneyon,2017-07-12T21:51:06Z
48,Parislack,Community,Huge,France,Paris,48.85660934448242,2.352221965789795,,https://www.facebook.com/groups/137606633030898/,,,Nir Avneyon,2017-07-12T21:51:06Z
49,Sainté Slack,Community,Medium,France,Saint Etienne,45.43968963623047,4.38717794418335,,https://www.facebook.com/groups/175570982640756/,,,Nir Avneyon,2017-07-12T21:51:06Z
50,Slack Alsace,Community,Medium,France,Strasbourg,48.57341003417969,7.752110958099365,,https://www.facebook.com/groups/Slack67/,,,Nir Avneyon,2017-07-12T21:51:06Z
51,Ekilibre Valence,Community,Medium,France,Valence,44.93339157104492,4.892360210418701,,https://www.facebook.com/groups/495533763795628,,,Nir Avneyon,2017-07-12T21:51:06Z
52,Slackline Aachen,Community,Small,Germany,Aachen,50.77534103393555,6.083887100219727,,https://www.facebook.com/groups/201146073334128/,,,Nir Avneyon,2017-07-12T21:51:06Z
53,Jonglage & Slackline Bamberg,Community,Small,Germany,Bamberg,49.89881896972656,10.90275955200195,,https://www.facebook.com/groups/631601793555785/,,,Nir Avneyon,2017-07-12T21:51:06Z
54,Slackline Berlin,Community,Large,Germany,Berlin,52.52001190185547,13.40495014190674,,https://www.facebook.com/groups/150095688337531,https://www.facebook.com/Slackline-Berlin-157161467710235/,,Nir Avneyon,2017-07-12T21:51:06Z
55,Slackline Brandenburg,Community,Medium,Germany,Brandenburg,52.13138961791992,13.2162504196167,,,https://www.facebook.com/slackline.brandenburg,,Nir Avneyon,2017-07-12T21:51:06Z
56,Slackline Darmstadt,Community,Small,Germany,Darmstadt,49.87282943725586,8.651192665100098,,https://www.facebook.com/groups/480206155328380/,,,Nir Avneyon,2017-07-12T21:51:06Z
57,Slackline Queenstown,Community,Medium,New Zealand,,-40.90055847167969,174.8860015869141,,https://www.facebook.com/groups/439915126178902,,,Nir Avneyon,2017-07-12T21:51:06Z
58,Slackline Dresden,Community,Medium,Germany,Dresden,51.05041122436523,13.73725986480713,,https://www.facebook.com/groups/323137751049472/,,,Nir Avneyon,2017-07-12T21:51:06Z
59,Slackliners Dortmund und co.,Community,Medium,Germany,Dortmund,51.51359176635742,7.465298175811768,,https://www.facebook.com/groups/slacklinersdortmund/,,,Nir Avneyon,2017-07-12T21:51:06Z
60,Slackline Düsseldorf,Community,Small,Germany,Düsseldorf,51.22774124145508,6.77345609664917,,https://www.facebook.com/groups/436358436416648/,,,Nir Avneyon,2017-07-12T21:51:06Z
61,Slacklining-Erfurt,Community,Small,Germany,Erfurt,50.98477172851563,11.02987957000732,,https://www.facebook.com/groups/309022709193778/,,,Nir Avneyon,2017-07-12T21:51:06Z
62,Slackline Frankfurt,Community,Medium,Germany,Frankfurt,50.11091995239258,8.682126998901367,,https://www.facebook.com/groups/198934043474400/,,,Nir Avneyon,2017-07-12T21:51:06Z
63,Slackline Hamburg,Community,Large,Germany,Hamburg,53.55109024047852,9.993681907653809,,,https://www.facebook.com/groups/slacklinehamburg,,Nir Avneyon,2017-07-12T21:51:06Z
64,Slackline Hannover,Community,Medium,Germany,Hanover,52.37588882446289,9.732010841369629,,https://www.facebook.com/groups/slacklineh/,,,Nir Avneyon,2017-07-12T21:51:06Z
65,Slackline Kaiserslautern,Community,Small,Germany,Kaiserslautern,49.44007110595703,7.749125957489014,,https://www.facebook.com/groups/263730867035814/,,,Nir Avneyon,2017-07-12T21:51:06Z
66,Slackline Karlsruhe,Community,Medium,Germany,Karlsruhe,49.00688934326172,8.403653144836426,,https://www.facebook.com/groups/slacklineKA,,,Nir Avneyon,2017-07-12T21:51:06Z
67,Slackline kassel,Community,Medium,Germany,Kassel,51.31270980834961,9.479745864868164,,,https://www.facebook.com/slacklinekultur/,,Nir Avneyon,2017-07-12T21:51:06Z
68,Slackline Kiel,Community,Medium,Germany,Kiel,54.32329177856445,10.12277030944824,,https://www.facebook.com/groups/155016904549721/,,,Nir Avneyon,2017-07-12T21:51:06Z
69,Slackline Cologne,Association; Community,Medium,Germany,Köln,50.93753051757813,6.960278987884522,https://slackline-koeln.org/,https://www.facebook.com/groups/138597742875164/,,,Nir Avneyon,2017-07-12T21:51:06Z
70,Slackline Koblenz,Community,Small,Germany,Koblenz,50.35694122314453,7.588995933532715,,https://www.facebook.com/groups/169935113136940/,,,Nir Avneyon,2017-07-12T21:51:06Z
71,Konstanz Slackt,Community,Small,Germany,Konstanz,47.67795181274414,9.173238754272461,,,https://www.facebook.com/KonstanzSlackteV/,,Nir Avneyon,2017-07-12T21:51:06Z
72,Slackline Leipzig,Community,Medium,Germany,Leipzig,51.33969116210938,12.37306976318359,,https://www.facebook.com/groups/slackline.leipzig/,,,Nir Avneyon,2017-07-12T21:51:06Z
73,Slacklining Magdeburg,Community,Small,Germany,Magdeburg,52.12052917480469,11.62761974334717,,https://www.facebook.com/groups/365180743562234/,,,Nir Avneyon,2017-07-12T21:51:06Z
74,Slackline Mainz,Community,Medium,Germany,Mainz,49.99285888671875,8.247252464294434,,https://www.facebook.com/groups/206074009533483/,,,Nir Avneyon,2017-07-12T21:51:06Z
75,Slackline - München,Community,Large,Germany,Munich,48.1351203918457,11.58197975158691,,https://www.facebook.com/groups/slackinmunich/,,,Nir Avneyon,2017-07-12T21:51:06Z
76,Slackline-Freunde Münster,Community,Medium,Germany,Münster,51.96067047119141,7.626134872436523,,https://www.facebook.com/groups/180792365375036/,,,Nir Avneyon,2017-07-12T21:51:06Z
77,Slackline Nürnberg,Community,Medium,Germany,Nuremberg,49.42541122436523,11.07966041564941,,https://www.facebook.com/groups/slacklinenuernberg/,,,Nir Avneyon,2017-07-12T21:51:06Z
78,Slackline Potsdam,Community,Small,Germany,Potsdam,52.39057159423828,13.0644702911377,,https://www.facebook.com/groups/197476966960843/,,,Nir Avneyon,2017-07-12T21:51:06Z
80,Slackliner Regensburg,Community,Small,Germany,Regensburg,49.01343154907227,12.10161972045898,,https://www.facebook.com/groups/290871314338969,,,Nir Avneyon,2017-07-12T21:51:06Z
81,Slackline Rostock,Community,Small,Germany,Rostock,54.09244155883789,12.09914970397949,,https://www.facebook.com/groups/223268554548132,,,Nir Avneyon,2017-07-12T21:51:06Z
82,Slackline Stuttgart,Community,Medium,Germany,Stuttgart,48.77584075927734,9.182931900024414,,,https://www.facebook.com/Slackline.Stuttgart.eV/,,Nir Avneyon,2017-07-12T21:51:06Z
83,Slackline Trier,Community,Tiny,Germany,Trier,49.7499885559082,6.637143135070801,,https://www.facebook.com/groups/slackline.trier/,,,Nir Avneyon,2017-07-12T21:51:06Z
84,Stuggi Slack Friends,Community,Medium,Germany,Stuttgart,48.77584075927734,9.182931900024414,,https://www.facebook.com/groups/stuggislackfriends/,,,Nir Avneyon,2017-07-12T21:51:06Z
85,Slackline Tübingen / Reutlingen,Association; Community,Medium,Germany,Tübingen,48.52164077758789,9.057644844055176,,https://www.facebook.com/groups/slacklinetuebingengruppe/,https://www.facebook.com/slacklinetuebingen/,The slackline club for Tübingen!!,Nir Avneyon,2017-07-12T21:51:06Z
86,Slackline Greece,Community,Large,Greece,,38.98056030273438,21.61495971679688,,,https://www.facebook.com/SlacklinesGreece/,,Nir Avneyon,2017-07-12T21:51:06Z
87,Slackline Athens,Community,Medium,Greece,Athens,37.98381042480469,23.7275390625,,https://www.facebook.com/groups/SlacklineAthens,,,Nir Avneyon,2017-07-12T21:51:06Z
88,Slackline Thessaloniki,Community,Medium,Greece,Thessaloniki,40.64006042480469,22.94441986083984,,https://www.facebook.com/groups/slacklinethess,,,Nir Avneyon,2017-07-12T21:51:06Z
89,SLACKTIVISM,Community,Large,India,New Delhi,28.61393928527832,77.20902252197266,,https://www.facebook.com/groups/slacklifedelhi/,,,Nir Avneyon,2017-07-12T21:51:06Z
90,Hyderabad Slackliners,Community,Small,India,Hyderabad,17.38504028320313,78.4866714477539,,https://www.facebook.com/groups/413344315377552/,,,Nir Avneyon,2017-07-12T21:51:06Z
91,Slack.in,Community,Medium,India,,20.59369087219238,78.96288299560547,,https://www.facebook.com/groups/118200971688346,,,Nir Avneyon,2017-07-12T21:51:06Z
92,Slacklining Chennai,Community,Tiny,India,Chennai,13.08267974853516,80.27072143554688,,https://www.facebook.com/groups/1065653226815596/,,,Nir Avneyon,2017-07-12T21:51:06Z
93,IsraSlack,Community,Large,Israel,,31.04604911804199,34.85160827636719,,https://www.facebook.com/groups/243493015793719/,,,Nir Avneyon,2017-07-12T21:51:06Z
94,Slackline Milano,Community,Medium,Italy,Milano,45.46541976928711,9.185924530029297,,https://www.facebook.com/groups/44745637376/,,,Nir Avneyon,2017-07-12T21:51:06Z
95,Slackline Verona,Community,Medium,Italy,Verona,45.43838882446289,10.99162006378174,,https://www.facebook.com/groups/1482016745394956/,,,Nir Avneyon,2017-07-12T21:51:06Z
96,Slackline Bologna,Community,Medium,Italy,Bologna,44.49488830566406,11.34261989593506,,https://www.facebook.com/groups/slacklinebologna,,,Nir Avneyon,2017-07-12T21:51:06Z
97,Slackline KL (Kuala Lumpur),Community,Small,Malaysia,Kuala Lumpur,3.139003038406372,101.686897277832,,https://www.facebook.com/groups/1463187137236699/,,,Nir Avneyon,2017-07-12T21:51:06Z
98,Mexico Slackliners,Community,Large,Mexico,cdmx,19.4326077,-99.133208,,https://www.facebook.com/groups/102279566524709/,https://www.facebook.com/tenochtitline/,,Nir Avneyon,2017-07-12T21:51:06Z
99,TenochtitLine // Slackline México D.F. //,Team,Large,Mexico,Mexico City,19.43260955810547,-99.13320922851562,,,https://www.facebook.com/tenochtitline/,,Nir Avneyon,2017-07-12T21:51:06Z
100,Slackline Monterrey,Community,Medium,Mexico,Monterrey,25.68660926818848,-100.3161010742188,,,https://www.facebook.com/slacklinemonterrey/,,Nir Avneyon,2017-07-12T21:51:06Z
101,Slackline Yucatán,Community,Small,Mexico,Yucatán,20.70988082885742,-89.0943374633789,,https://www.facebook.com/groups/1429358327334474/,,,Nir Avneyon,2017-07-12T21:51:06Z
102,In Slack'Ech,Community,Medium,Mexico,Yucatán,20.70988082885742,-89.0943374633789,,,https://www.facebook.com/InSlackech/,,Nir Avneyon,2017-07-12T21:51:06Z
103,Slackline Veracurz,Community,Large,Mexico,Veracurz,19.17377090454102,-96.13421630859375,,,https://www.facebook.com/queretaroslackline,,Nir Avneyon,2017-07-12T21:51:06Z
104,Slacklife New Mexico,Community,Small,United States,New Mexico,34.51993942260742,-105.8701019287109,,https://www.facebook.com/groups/1051972498178316,,,Nir Avneyon,2017-07-12T21:51:06Z
105,Slackline Querétaro,Community,Medium,Mexico,Querétaro,20.58881950378418,-100.3899002075195,,https://www.facebook.com/groups/slacklining.nederland,,,Nir Avneyon,2017-07-12T21:51:06Z
106,Slacklining Nederland,Community,Medium,The Netherlands,,52.13262939453125,5.291265964508057,,https://www.facebook.com/groups/slacklining.nederland/,,,Nir Avneyon,2017-07-12T21:51:06Z
108,Slackline group Amsterdam,Community,Medium,The Netherlands,Amsterdam,52.37022018432617,4.895167827606201,,https://www.facebook.com/groups/363163180393843/,,,Nir Avneyon,2017-07-12T21:51:06Z
109,Slackline Apeldoorn,Community,Tiny,The Netherlands,Apeldoorn,52.21115875244141,5.96992301940918,,https://www.facebook.com/groups/243594492449563/,,,Nir Avneyon,2017-07-12T21:51:06Z
110,Slackline Groningen,Community,Medium,The Netherlands,Groningen,53.21937942504883,6.566502094268799,,https://www.facebook.com/groups/157702354291774/,,,Nir Avneyon,2017-07-12T21:51:06Z
111,Slacklining Haarlem,Community,Small,The Netherlands,Haarlem,52.38739013671875,4.646218776702881,,https://www.facebook.com/groups/121667184661639/,,,Nir Avneyon,2017-07-12T21:51:06Z
112,Slackline Leeuwarden,Community,Small,The Netherlands,Leeuwarden,53.20122909545898,5.799912929534912,,https://www.facebook.com/groups/SlacklineLeeuwarden/,,,Nir Avneyon,2017-07-12T21:51:06Z
113,Slackline Rotterdam,Community,Medium,The Netherlands,Rotterdam,51.92441940307617,4.477733135223389,,https://www.facebook.com/groups/slacklinerotterdam/,,,Nir Avneyon,2017-07-12T21:51:06Z
114,Slackline Tilburg,Community,Small,The Netherlands,Tilburg,51.56060028076172,5.091914176940918,,https://www.facebook.com/groups/278958428884196/,,,Nir Avneyon,2017-07-12T21:51:06Z
115,Slackline Wageningen,Community,Medium,The Netherlands,Wageningen,51.96918869018555,5.66539478302002,,https://www.facebook.com/groups/155433751268503/,,,Nir Avneyon,2017-07-12T21:51:06Z
116,Slackline Zwolle,Community,Small,The Netherlands,Zwolle,52.51676940917969,6.083022117614746,,https://www.facebook.com/groups/144626262375154/,,,Nir Avneyon,2017-07-12T21:51:06Z
117,Slackline New Zealand,Community,Medium,New Zealand,,-40.90055847167969,174.8860015869141,,,https://www.facebook.com/SlacklineNewZealand/,,Nir Avneyon,2017-07-12T21:51:06Z
118,New Zealand Slacklining Community,Community,Medium,New Zealand,,-40.90055847167969,174.8860015869141,,https://www.facebook.com/groups/103987436312623/,,,Nir Avneyon,2017-07-12T21:51:06Z
119,Christchurch Slackline,Community,Medium,New Zealand,Christchurch,-43.53205108642578,172.6361999511719,,https://www.facebook.com/groups/slackline.christchurch/,,,Nir Avneyon,2017-07-12T21:51:06Z
120,Slacklife Queenstown,Community,Medium,New Zealand,Queenstown,-45.03115844726563,168.66259765625,,,https://www.facebook.com/SlacklifeQueenstown/,,Nir Avneyon,2017-07-12T21:51:06Z
121,Slackline Oslo,Community,Medium,Norway,Oslo,59.91387176513672,10.75224018096924,,https://www.facebook.com/groups/311901485553492/,,,Nir Avneyon,2017-07-12T21:51:06Z
122,Bergen Slakkline,Community,Small,Norway,Bergen,60.39125823974609,5.322053909301758,,https://www.facebook.com/groups/107409712755,,,Nir Avneyon,2017-07-12T21:51:06Z
123,Slackline Lublin,Community,Medium,Poland,Lublin,51.2464485168457,22.56845092773438,,https://www.facebook.com/groups/251917658172393,,,Nir Avneyon,2017-07-12T21:51:06Z
124,Slackline Lublin,Community,Small,Poland,Lublin,51.2464485168457,22.56845092773438,,https://www.facebook.com/groups/582310955139603/,,,Nir Avneyon,2017-07-12T21:51:06Z
125,Slackline Białystok,Community,Medium,Poland,Białystok,53.13248825073242,23.1688404083252,,https://www.facebook.com/groups/426400494076138/,,,Nir Avneyon,2017-07-12T21:51:06Z
126,Slackline Warszawa w Parku Skaryszewskim,Community,Medium,Poland,Warsaw,52.22967910766602,21.01222991943359,,https://www.facebook.com/groups/411385045555348/,,,Nir Avneyon,2017-07-12T21:51:06Z
127,Slackline Wrocław,Community,Large,Poland,Wroclaw,51.10787963867188,17.03853988647461,,https://www.facebook.com/groups/137728586266069/,https://www.facebook.com/SlacklineWroclaw/,,Nir Avneyon,2017-07-12T21:51:06Z
128,Slackline Poznań,Community,Medium,Poland,Poznań,52.40637969970703,16.9251708984375,,https://www.facebook.com/groups/slacklinepoznan/,,,Nir Avneyon,2017-07-12T21:51:06Z
129,Slackline Biała Podlaska,Community,Small,Poland,Biala Podlaska,52.03871154785156,23.14450073242188,,https://www.facebook.com/groups/188246078016938,,,Nir Avneyon,2017-07-12T21:51:06Z
130,Slackline Białystok,Community,Medium,Poland,Białystok,53.13248825073242,23.1688404083252,,https://www.facebook.com/groups/426400494076138/,,,Nir Avneyon,2017-07-12T21:51:06Z
131,Slackline Bielsko,Community,Small,Poland,Bielsko,49.82238006591797,19.05838012695313,,https://www.facebook.com/groups/279192868915669/,,,Nir Avneyon,2017-07-12T21:51:06Z
132,Slackline Bydgoszcz,Community,Medium,Poland,Bydgoszcz,53.12348175048828,18.0084400177002,,https://www.facebook.com/groups/1406643109559822/,,,Nir Avneyon,2017-07-12T21:51:06Z
133,Slackline Dzierżoniów,Community,Tiny,Poland,Dzierżoniów,50.73086166381836,16.65678977966309,,https://www.facebook.com/groups/682946961732296/,,,Nir Avneyon,2017-07-12T21:51:06Z
134,Slackline Gostynin,Community,Small,Poland,Gostynin,52.42932891845703,19.4619197845459,,https://www.facebook.com/groups/369876393165676/,,,Nir Avneyon,2017-07-12T21:51:06Z
135,Slackline Inowrocław,Community,Tiny,Poland,Inowrocław,52.79933166503906,18.25620079040527,,https://www.facebook.com/groups/904701936212286/,,,Nir Avneyon,2017-07-12T21:51:06Z
136,Slackline Katowice,Community,Small,Poland,Katowice,50.26488876342773,19.02378082275391,,https://www.facebook.com/groups/261455523996344/,,,Nir Avneyon,2017-07-12T21:51:06Z
137,Slackline Kielce,Community,Tiny,Poland,Kielce,50.86608123779297,20.62857055664063,,https://www.facebook.com/groups/SlacklineKielce/,,,Nir Avneyon,2017-07-12T21:51:06Z
138,Slackline Kraków,Community,Medium,Poland,Kraków,50.06465148925781,19.94498062133789,,https://www.facebook.com/groups/343776159039263/,,,Nir Avneyon,2017-07-12T21:51:06Z
139,Slackline / Wspinaczka - Kudowa-Zdrój,Community,Tiny,Poland,Kudowa-Zdrój,50.44271087646484,16.24266052246094,,https://www.facebook.com/groups/590115154374821/,,,Nir Avneyon,2017-07-12T21:51:06Z
140,Slackline Łódź,Community,Medium,Poland,Łódź,51.75925064086914,19.45598030090332,,https://www.facebook.com/groups/140846886039881/,,,Nir Avneyon,2017-07-12T21:51:06Z
141,Slackline Olsztyn,Community,Tiny,Poland,Olsztyn,53.77841949462891,20.4801197052002,,https://www.facebook.com/groups/1467105526931022/,,,Nir Avneyon,2017-07-12T21:51:06Z
142,Slackline Oława,Community,Tiny,Poland,Oława,50.94593048095703,17.29240036010742,,https://www.facebook.com/groups/572479572858569/,,,Nir Avneyon,2017-07-12T21:51:06Z
143,Slackline Opole,Community,Tiny,Poland,Opole,50.67510986328125,17.92130088806152,,https://www.facebook.com/groups/1616680595213501/,,,Nir Avneyon,2017-07-12T21:51:06Z
144,Slackline Piła,Community,Tiny,Poland,Piła,53.15097045898438,16.73822975158691,,https://www.facebook.com/groups/987648581280459/,,,Nir Avneyon,2017-07-12T21:51:06Z
145,Slackline Płock,Community,Tiny,Poland,Płock,52.54634094238281,19.70653915405273,,https://www.facebook.com/groups/107385732798492/,https://www.facebook.com/SlacklinePlock/,,Nir Avneyon,2017-07-12T21:51:06Z
146,Slackline Polanica-Zdrój,Community,Tiny,Poland,Polanica-Zdrój,50.41191101074219,16.51481056213379,,https://www.facebook.com/groups/1537028276610232/,,,Nir Avneyon,2017-07-12T21:51:06Z
147,Slackline Rzeczka - Walim,Community,Tiny,Poland,Rzeczka,50.66902160644531,16.4582691192627,,https://www.facebook.com/groups/313535965420881/,,,Nir Avneyon,2017-07-12T21:51:06Z
148,SlackRes (Slackline Rzeszow),Community,Small,Poland,Rzeszow,50.04119110107422,21.99912071228027,,https://www.facebook.com/groups/1429362413967606/,https://www.facebook.com/SlackRes,,Nir Avneyon,2017-07-12T21:51:06Z
149,Slackline.Szczecin,Community,Tiny,Poland,Szczecin,53.42853927612305,14.552809715271,,https://www.facebook.com/groups/1581440775466325/,,,Nir Avneyon,2017-07-12T21:51:06Z
150,Slackline TG,Community,Small,Poland,Tarnowskie Góry,50.43595123291016,18.84602928161621,,https://www.facebook.com/groups/225363607512985/,,,Nir Avneyon,2017-07-12T21:51:06Z
151,Slackline Toruń,Community,Tiny,Poland,Toruń,53.01379013061523,18.59844017028809,,https://www.facebook.com/groups/slcklinetorun/,,,Nir Avneyon,2017-07-12T21:51:06Z
152,SLACKLINE 3MIASTO,Community,Medium,Poland,Trójmiasto,54.35845184326172,18.64674949645996,,https://www.facebook.com/groups/213600408790113/,,,Nir Avneyon,2017-07-12T21:51:06Z
153,Slackline Tychy,Community,Tiny,Poland,Tychy,50.12179946899414,19.02000045776367,,https://www.facebook.com/groups/798172550227152/,,,Nir Avneyon,2017-07-12T21:51:06Z
154,Slackline Wadowice,Community,Tiny,Poland,Wadowice,49.88278961181641,19.49395942687988,,https://www.facebook.com/groups/1115844621765937/,,,Nir Avneyon,2017-07-12T21:51:06Z
155,Slackline Warszawa,Community,Large,Poland,Warszawa,52.22967910766602,21.01222991943359,,https://www.facebook.com/groups/381689018510555/,,,Nir Avneyon,2017-07-12T21:51:06Z
156,Slackline Zabrze,Community,Tiny,Poland,Zabrze,50.32492828369141,18.78572082519531,,https://www.facebook.com/groups/290844527675377/,,,Nir Avneyon,2017-07-12T21:51:06Z
157,Slackline Zielona Góra,Community,Tiny,Poland,Zielona Góra,51.93561935424805,15.50619029998779,,https://www.facebook.com/groups/slacklineZG/,,,Nir Avneyon,2017-07-12T21:51:06Z
158,Dragons Slackline Żmigród,Team,Medium,Poland,Żmigród,51.4665412902832,16.90582084655762,,,https://www.facebook.com/slackdwatrzy,,Nir Avneyon,2017-07-12T21:51:06Z
159,SlackOn,Community,Large,Poland,,51.91944122314453,19.14513969421387,,,https://www.facebook.com/SlackOnPL,,Nir Avneyon,2017-07-12T21:51:06Z
160,Akcje highlinowe Polska,Community,Medium,Poland,,51.91944122314453,19.14513969421387,,https://www.facebook.com/groups/130489630381100,,,Nir Avneyon,2017-07-12T21:51:06Z
161,SlackChat PL,Community,Medium,Poland,,51.91944122314453,19.14513969421387,,https://www.facebook.com/groups/219793414836323,,,Nir Avneyon,2017-07-12T21:51:06Z
162,Slackline Bazar PL,Market,Medium,Poland,,51.91944122314453,19.14513969421387,,https://www.facebook.com/groups/257544307698804/,,,Nir Avneyon,2017-07-12T21:51:06Z
163,Slackline Brasov,Community,Medium,Romania,Braşov,45.6579704284668,25.60120010375977,,https://www.facebook.com/groups/slacklinebrasov,,,Nir Avneyon,2017-07-12T21:51:06Z
164,Slackline România,Community,Medium,Romania,,45.9431610107422,24.966760635376,,https://www.facebook.com/groups/slackline.romania,https://www.facebook.com/SlacklineRomania,,Nir Avneyon,2017-07-12T21:51:06Z
165,Slackline Cluj,Community,Small,Romania,Cluj,46.77120971679688,23.62364006042481,,https://www.facebook.com/groups/169046769860981,,,Nir Avneyon,2017-07-12T21:51:06Z
166,Slackline Community Iași,Community,Medium,Romania,Iași,47.15845108032227,27.6014404296875,,https://www.facebook.com/groups/slacklineiasi,,,Nir Avneyon,2017-07-12T21:51:06Z
167,Slackline Timişoara,Community,Medium,Romania,Timişoara,45.74887084960938,21.20867919921875,,https://www.facebook.com/groups/slacklinetimisoara,https://www.facebook.com/SlacklineTimisoara,,Nir Avneyon,2017-07-12T21:51:06Z
168,Slackline Singapore,Community,Tiny,Singapore,,1.352082967758179,103.8198013305664,,https://www.facebook.com/groups/478515122258210/,,,Nir Avneyon,2017-07-12T21:51:06Z
169,Slackline Madrid,Community,Large,Spain,Madrid,40.41677093505859,-3.703789949417114,,https://www.facebook.com/groups/slacklinemadrid/,,,Nir Avneyon,2017-07-12T21:51:06Z
170,Slackline Barcelona,Community,Large,Spain,Barcelona,41.38505935668945,2.173403978347778,,https://www.facebook.com/groups/slacklinebarcelona/,,,Nir Avneyon,2017-07-12T21:51:06Z
171,Slackline Sverige,Community,Medium,Sweden,,60.12815856933594,18.64349937438965,,https://www.facebook.com/groups/433078836802573/,,,Nir Avneyon,2017-07-12T21:51:06Z
172,Slackline Borås,Community,Tiny,Sweden,Borås,57.72103881835938,12.93982028961182,,https://www.facebook.com/groups/405278246243979/,,,Nir Avneyon,2017-07-12T21:51:06Z
173,Slacklife Göteborg,Community,Medium,Sweden,Göteborg,57.73728942871094,11.971360206604,,https://www.facebook.com/groups/215519055284206/,,,Nir Avneyon,2017-07-12T21:51:06Z
174,Malmö Slackline,Community,Medium,Sweden,Malmö,55.57904815673828,13.0108699798584,,https://www.facebook.com/groups/malmoslackline/,,,Nir Avneyon,2017-07-12T21:51:06Z
175,Stockholm Slackline,Community,Medium,Sweden,Stockholm,59.32931900024414,18.06858062744141,,https://www.facebook.com/groups/445069082194192/,,,Nir Avneyon,2017-07-12T21:51:06Z
176,SWISS-SLACKLINE.ch,Association,Huge,Switzerland,,46.81819152832031,8.22751235961914,,,https://www.facebook.com/swissslackline/,,Nir Avneyon,2017-07-12T21:51:06Z
177,SLACKATTACK.ch,Team,Huge,Switzerland,Bern,46.94797897338867,7.447446823120117,,,https://www.facebook.com/SLACKATTACK.ch/,,Nir Avneyon,2017-07-12T21:51:06Z
178,Basel City Slackliners,Community,Medium,Switzerland,Basel,47.55960083007813,7.588575839996338,https://www.baselcityslackliners.com,https://www.facebook.com/groups/baselcityslackliners/,,"Die Trainings finden, bei schönem Wetter, jeden Freitag und auf Wunsch am Montag von 18-21.30h auf der Kraftwerkinsel Birsfelden statt.  Bei schlechten Wetter besteht am Freitag die Möglichkeit in die Halle zu gehen.
info@baselcityslackliners.com",Nir Avneyon,2017-07-12T21:51:06Z
179,Slackline Romandie,Community,Large,Switzerland,Romandie,46.30794906616211,7.056336879730225,,,https://www.facebook.com/slacklineromandie/,,Nir Avneyon,2017-07-12T21:51:06Z
180,SlackLions,Community,Large,Switzerland,Zürich,47.37688827514648,8.541693687438965,,https://www.facebook.com/groups/slacklinezurich,,,Nir Avneyon,2017-07-12T21:51:06Z
181,Slackline Tulsa,Community,Tiny,United States,Tulsa,36.15398025512695,-95.99276733398438,,,https://www.facebook.com/groups/251853265249398/,,Nir Avneyon,2017-07-12T21:51:06Z
182,Slackline Genève,Community,Large,Switzerland,Geneva,46.20439147949219,6.143157005310059,,https://www.facebook.com/groups/slacklinegeneve/,,,Nir Avneyon,2017-07-12T21:51:06Z
183,Slackline Valais,Association,Medium,Switzerland,Valais/Wallis,46.19046020507813,7.544922828674316,,,https://www.facebook.com/slackline-valaisch-197438560325112/,,Nir Avneyon,2017-07-12T21:51:06Z
184,Lausanne slackline,Community,Medium,Switzerland,Lausanne,46.51964950561523,6.632273197174072,,https://www.facebook.com/groups/192514307581823/,,,Nir Avneyon,2017-07-12T21:51:06Z
185,Slackline St.Gallen,Community,Small,Switzerland,St.Gallen,47.42448043823242,9.376717567443848,,https://www.facebook.com/groups/slacktheplanet/,,,Nir Avneyon,2017-07-12T21:51:06Z
186,Slacklining Basel,Community,Medium,Switzerland,Basel,47.55960083007813,7.588575839996338,,https://www.facebook.com/groups/449643248446404/,,,Nir Avneyon,2017-07-12T21:51:06Z
187,Slackline Nordostschweiz,Community,Tiny,Switzerland,Nordostschweiz,47.53396987915039,7.638164043426514,,https://www.facebook.com/groups/EastswissSlackline/,,,Nir Avneyon,2017-07-12T21:51:06Z
188,Slackline TICINO,Community,Small,Switzerland,Ticino,46.33172988891602,8.800453186035156,,https://www.facebook.com/groups/slacklinelugano/,,,Nir Avneyon,2017-07-12T21:51:06Z
189,Slackline In Thailand,Community,Small,Thailand,,15.87003040313721,100.9925003051758,,https://www.facebook.com/groups/360170610783978/,,,Nir Avneyon,2017-07-12T21:51:06Z
190,Slackline İstanbul,Community,Large,Turkey,İstanbul,41.00823974609375,28.97835922241211,,https://www.facebook.com/groups/slackist/,,,Nir Avneyon,2017-07-12T21:51:06Z
191,Slack Doha,Community,Small,Qatar,Doha,25.28544998168945,51.53104019165039,,https://www.facebook.com/groups/219491371547755/,,,Nir Avneyon,2017-07-12T21:51:06Z
192,Arizona YogaSlackers,Community,Medium,United States,Arizona,34.04893112182617,-111.0936965942383,,,https://www.facebook.com/YogaSlackersAZ,,Nir Avneyon,2017-07-12T21:51:06Z
193,Flagstaff Slacklining,Community,Medium,United States,Flagstaff,35.19828033447266,-111.6512985229492,,https://www.facebook.com/groups/340064109504614,,,Nir Avneyon,2017-07-12T21:51:06Z
194,UA Slackers,Community,Medium,United States,Tucson,32.22174072265625,-110.9264984130859,,https://www.facebook.com/groups/uaslackers/,,,Nir Avneyon,2017-07-12T21:51:06Z
195,Auburn Slacklining Club,Community,Medium,United States,Auburn,32.60985946655273,-85.48078155517578,,https://www.facebook.com/groups/auburnslackliners,,,Nir Avneyon,2017-07-12T21:51:06Z
196,Des Moines Slackers,Community,Tiny,United States,Des Moines,41.60054016113281,-93.6091079711914,,https://www.facebook.com/groups/1047664528611339/,,,Nir Avneyon,2017-07-12T21:51:06Z
197,Berkeley Slackers,Community,Medium,United States,Berkeley,37.87158966064453,-122.2726974487305,,https://www.facebook.com/groups/BerkeleySlackers,,,Nir Avneyon,2017-07-12T21:51:06Z
198,Orange County Slackers,Community,Medium,United States,Orange County,33.71746826171875,-117.8311004638672,,https://www.facebook.com/groups/137108036350049/,,,Nir Avneyon,2017-07-12T21:51:06Z
199,Slackline Monterey Bay,Community,Small,United States,Monterey,36.60023880004883,-121.8946990966797,,https://www.facebook.com/groups/275070142604078/,,,Nir Avneyon,2017-07-12T21:51:06Z
200,Merritt Slackers,Community,Medium,United States,Oakland,37.80435943603516,-122.2711029052734,,https://www.facebook.com/groups/Merritt.Slackers/,,,Nir Avneyon,2017-07-12T21:51:06Z
201,San Francisco Slackline,Community,Medium,United States,San Francisco,37.77492904663086,-122.4194030761719,,https://www.facebook.com/groups/27315717547,,,Nir Avneyon,2017-07-12T21:51:06Z
202,Santa Cruz Slacklining,Community,Medium,United States,Santa Cruz,36.97412109375,-122.0307998657227,,https://www.facebook.com/groups/319140531481119/,,,Nir Avneyon,2017-07-12T21:51:06Z
203,SLO Slackline,Community,Medium,United States,San Luis Obispo,35.28274917602539,-120.6595993041992,,https://www.facebook.com/groups/251844684837163/,,,Nir Avneyon,2017-07-12T21:51:06Z
204,Tri-County Slackers,Community,Medium,United States,Santa Barbara,34.42082977294922,-119.6981964111328,,https://www.facebook.com/groups/187369968019529/,,,Nir Avneyon,2017-07-12T21:51:06Z
205,Rocky Mountain Slackline LLC,Community,Medium,United States,Fort Collins,40.58525848388672,-105.0843963623047,,,https://www.facebook.com/RockyMountainSlackline/,,Nir Avneyon,2017-07-12T21:51:06Z
206,Slackline Fort Collins,Community,Medium,United States,Fort Collins,40.58525848388672,-105.0843963623047,,,https://www.facebook.com/SlacklineFortCollins,,Nir Avneyon,2017-07-12T21:51:06Z
207,Slackers at CU,Community,Medium,United States,Boulder,40.01498031616211,-105.2705001831055,,https://www.facebook.com/groups/slackersatcu/,,,Nir Avneyon,2017-07-12T21:51:06Z
208,Big Island Slacklining,Community,Medium,United States,Hawaii,19.89677047729492,-155.5827941894531,,https://www.facebook.com/groups/368068696575863/,,,Nir Avneyon,2017-07-12T21:51:06Z
209,Boise Slackliners,Community,Tiny,United States,Boise,43.61870956420898,-116.214599609375,,https://www.facebook.com/groups/427968973908348,,,Nir Avneyon,2017-07-12T21:51:06Z
210,Pocatello Slackline,Community,Tiny,United States,Pocatello,42.87129974365234,-112.4455032348633,,https://www.facebook.com/groups/320652928100808/,,,Nir Avneyon,2017-07-12T21:51:06Z
211,Rexburg Slackline Friends,Community,Tiny,United States,Rexburg,43.8231086730957,-111.7923965454102,,https://www.facebook.com/groups/566978626821226/,,,Nir Avneyon,2017-07-12T21:51:06Z
212,Slackline Idaho,Community,Small,United States,Idaho,44.06819915771484,-114.7419967651367,,https://www.facebook.com/groups/399369496838199/,,,Nir Avneyon,2017-07-12T21:51:06Z
213,Iowa City Slackers,Community,Small,United States,Iowa,41.87799835205078,-93.09770202636719,,https://www.facebook.com/groups/ICSlack/,,,Nir Avneyon,2017-07-12T21:51:06Z
214,Illinois Slackliners,Community,Tiny,United States,Illinois,40.63312911987305,-89.39852905273438,,https://www.facebook.com/groups/1126736540731993/,,,Nir Avneyon,2017-07-12T21:51:06Z
215,DMV Slackliners,Community,Medium,United States,Maryland,39.04574966430664,-76.64127349853516,,https://www.facebook.com/groups/dmvslackline/,,,Nir Avneyon,2017-07-12T21:51:06Z
216,Slackline Boston,Community,Medium,United States,Boston,42.36008071899414,-71.05888366699219,,https://www.facebook.com/groups/slacklineboston/,,,Nir Avneyon,2017-07-12T21:51:06Z
217,MINNslack,Community,Medium,United States,Minneapolis,44.97774887084961,-93.26500701904297,,https://www.facebook.com/groups/minnslack/,,,Nir Avneyon,2017-07-12T21:51:06Z
218,UMN Slackline Club,Community,Medium,United States,Twin Cities,44.93748092651367,-93.20099639892578,,,https://www.facebook.com/umnslacklineclub/?qsefr=1,,Nir Avneyon,2017-07-12T21:51:06Z
219,Bozeman Slackline Club,Community,Small,United States,Bozeman,45.67699813842773,-111.0429000854492,,https://www.facebook.com/groups/bozemanslacklineclub,,,Nir Avneyon,2017-07-12T21:51:06Z
220,Slackline KC,Community,Small,United States,Kansas City,39.0997314453125,-94.57856750488281,,https://www.facebook.com/groups/distritomakco/,,,Nir Avneyon,2017-07-12T21:51:06Z
221,Slackline New Hampshire,Community,Small,United States,New Hampshire,43.19385147094727,-71.57240295410156,,https://www.facebook.com/groups/1166901753336363/,,,Nir Avneyon,2017-07-12T21:51:06Z
222,Slack-Librium,Community,Large,United States,Asheville,35.59505844116211,-82.55148315429688,,,https://www.facebook.com/SlackLibrium/,,Nir Avneyon,2017-07-12T21:51:06Z
223,Asheville Slackliners,Community,Small,United States,Asheville,35.59505844116211,-82.55148315429688,,https://www.facebook.com/groups/ashevilleslackliners,,,Nir Avneyon,2017-07-12T21:51:06Z
224,OSU Slackliners,Community,Medium,United States,Columbus,39.9611701965332,-82.99878692626953,,https://www.facebook.com/groups/107954635957548/,,,Nir Avneyon,2017-07-12T21:51:06Z
225,Ohio Highliners,Community,Tiny,United States,Columbus,39.9611701965332,-82.99878692626953,,https://www.facebook.com/groups/Ohiohighliners/,,,Nir Avneyon,2017-07-12T21:51:06Z
226,Miami Slackers,Community,Small,United States,Oxford,34.36648941040039,-89.51924896240234,,https://www.facebook.com/groups/miamislackers/,,,Nir Avneyon,2017-07-12T21:51:06Z
227,NYC Slackliners,Community,Medium,United States,New York City,40.7127799987793,-74.00594329833984,,https://www.facebook.com/groups/469357513094071/,,,Nir Avneyon,2017-07-12T21:51:06Z
228,Hudson Valley Slackline,Community,Tiny,United States,Hudson Valley,41.9208984375,-73.96128845214844,,https://www.facebook.com/groups/1592052381051309/,,,Nir Avneyon,2017-07-12T21:51:06Z
229,Eugene Slackers,Community,Medium,United States,Eugene,44.05207061767578,-123.086799621582,,https://www.facebook.com/groups/577767668937573/,,,Nir Avneyon,2017-07-12T21:51:06Z
230,Central Oregon Slackline,Community,Medium,United States,Smith Rock,44.36824035644531,-121.1406021118164,,https://www.facebook.com/groups/CentralOregonSlackline/,,,Nir Avneyon,2017-07-12T21:51:06Z
231,PA Slackers,Community,Medium,United States,Eastern Pennsylvania,40.6027717590332,-75.46794891357422,,https://www.facebook.com/groups/374828849224910/,,,Nir Avneyon,2017-07-12T21:51:06Z
232,71slack9,Community,Small,United States,Colorado Springs,38.83388137817383,-104.821403503418,,https://www.facebook.com/groups/761165107385154,,,Nir Avneyon,2017-07-12T21:51:06Z
233,Swat Slackerz,Community,Small,United States,Swarthmore,39.90684127807617,-75.35565185546875,,https://www.facebook.com/groups/511020135618606,,,Nir Avneyon,2017-07-12T21:51:06Z
234,WCU Slackline Society,Community,Small,United States,West Chester,39.96065902709961,-75.6054916381836,,https://www.facebook.com/groups/472937362760911/,,,Nir Avneyon,2017-07-12T21:51:06Z
235,East Coast Slackliners,Community,Medium,United States,East Coast,40.74225997924805,-73.67423248291016,,https://www.facebook.com/groups/EastCoastSlackline/,,,Nir Avneyon,2017-07-12T21:51:06Z
236,South Carolina Slackline,Community,Medium,United States,South Carolina,33.83607864379883,-81.16372680664062,,https://www.facebook.com/groups/SouthCarolinaSlackline/,,,Nir Avneyon,2017-07-12T21:51:06Z
237,Denton Slackliners,Community,Small,United States,Denton,33.21483993530273,-97.13307189941406,,https://www.facebook.com/groups/dentonslackliners/,,,Nir Avneyon,2017-07-12T21:51:06Z
238,Slackline Houston,Community,Medium,United States,Houston,29.76042938232422,-95.36979675292969,,https://www.facebook.com/groups/HoustonSlacklining/,,,Nir Avneyon,2017-07-12T21:51:06Z
239,Slackline Austin,Community,Small,United States,Austin,30.26715087890625,-97.74305725097656,,https://www.facebook.com/groups/309133349231495/,,,Nir Avneyon,2017-07-12T21:51:06Z
240,Austin Slacklines,Community,Medium,United States,Austin,30.26715087890625,-97.74305725097656,,https://www.facebook.com/groups/329098067135506,,,Nir Avneyon,2017-07-12T21:51:06Z
241,Slackline Moab,Community,Medium,United States,Moab,38.57331085205078,-109.5497970581055,,https://www.facebook.com/groups/slacklinemoab/,,,Nir Avneyon,2017-07-12T21:51:06Z
242,Happy Valley Highliners,Community,Medium,United States,Provo/Orem,40.32110977172852,-111.6488037109375,,https://www.facebook.com/groups/531125466911248/,,,Nir Avneyon,2017-07-12T21:51:06Z
243,Salt Lake City Slackliners,Community,Medium,United States,Salt Lake City,40.76078033447266,-111.890998840332,,https://www.facebook.com/groups/368920086580579/,,,Nir Avneyon,2017-07-12T21:51:06Z
244,RVA Slackliners,Community,Medium,United States,Richmond,37.54072952270508,-77.43605041503906,,https://www.facebook.com/groups/716832055116769/,,,Nir Avneyon,2017-07-12T21:51:06Z
245,NW slackline (Seattle & beyond),Community,Large,United States,Seattle,47.60620880126953,-122.3320999145508,,https://www.facebook.com/groups/nwslackline/,,,Nir Avneyon,2017-07-12T21:51:06Z
246,NW Slackline (San Juan Islands),Community,Tiny,United States,San Juan Islands,48.58811950683594,-123.1435012817383,,https://www.facebook.com/groups/200168316854859/,,,Nir Avneyon,2017-07-12T21:51:06Z
247,Slackline Wenatchee,Community,Tiny,United States,Wenatchee,47.42345809936523,-120.310302734375,,https://www.facebook.com/groups/1625082941038262/,,,Nir Avneyon,2017-07-12T21:51:06Z
248,UK SLACKLINE ASSOCIATION,Community,Large,United Kingdom,,55.3780517578125,-3.435972929000855,,https://www.facebook.com/groups/UKslackline/,,,Nir Avneyon,2017-07-12T21:51:06Z
249,Slacklining London UK,Community,Huge,United Kingdom,London,51.50735092163086,-0.1277582943439484,,https://www.facebook.com/groups/77154016654/,,,Nir Avneyon,2017-07-12T21:51:06Z
250,Slackliners Of Reading,Community,Small,United Kingdom,Reading,51.45426940917969,-0.9781302809715271,,https://www.facebook.com/groups/406108939441690/,,,Nir Avneyon,2017-07-12T21:51:06Z
251,Edinburgh Slackline Society,Community,Medium,United Kingdom,Edinburgh,55.95325088500977,-3.18826699256897,,https://www.facebook.com/groups/265397410147253/,,,Nir Avneyon,2017-07-12T21:51:06Z
252,Northumbria Slackline Society,Community,Medium,United Kingdom,Newcastle,54.97824859619141,-1.617779970169067,,https://www.facebook.com/groups/northumbriaslackline/,,,Nir Avneyon,2017-07-12T21:51:06Z
253,Slackline Moldova,Community,Small,Moldova,,47.41162872314453,28.36988067626953,,,https://www.facebook.com/slackline.md,,Nir Avneyon,2017-07-12T21:51:06Z
254,Iran slackline,Community,Huge,Iran,,32.42790985107422,53.68804931640625,,,https://www.facebook.com/Iranslackline/,,Nir Avneyon,2017-07-12T21:51:06Z
255,Slackline Dubai UAE,Community,Small,United Arab Emirates,Dubai,25.20484924316406,55.27077865600586,,https://www.facebook.com/groups/154990431216959/,,,Nir Avneyon,2017-07-12T21:51:06Z
256,Los Locos de la Cinta - PANAMA-,Community,Large,Panama,,8.540603637695312,-80.7818603515625,,https://www.facebook.com/groups/782178865203524,,,Nir Avneyon,2017-07-12T21:51:06Z
257,Slo highline,Community,Small,Slovenia,,46.15124130249023,14.99545955657959,,https://www.facebook.com/groups/425847847594412,,,Nir Avneyon,2017-07-12T21:51:06Z
258,Highline Portugal,Community,Medium,Portugal,,39.39987182617188,-8.224453926086426,,https://www.facebook.com/groups/276786135753067,,,Nir Avneyon,2017-07-12T21:51:06Z
259,Golden Slackers,Community,Medium,United States,Golden,39.75553894042969,-105.2210998535156,,https://www.facebook.com/groups/344678022245065,,,Nir Avneyon,2017-07-12T21:51:06Z
260,Slackliner Heidelberg,Community,Medium,Germany,Heidelberg,49.39875030517578,8.672433853149414,,https://www.facebook.com/groups/203848422983167,,,Nir Avneyon,2017-07-12T21:51:06Z
261,Zentralschweizer Slackliner,Community,Small,Switzerland,,46.81819152832031,8.22751235961914,,https://www.facebook.com/groups/158446410832212,,,Nir Avneyon,2017-07-12T21:51:06Z
262,Slackline Dolomites,Community,Medium,Italy,Dolomites,46.47529983520508,11.73941993713379,,,https://www.facebook.com/slacklinedolomites/,,Nir Avneyon,2017-07-12T21:51:06Z
263,Slackliner Mannheim,Community,Tiny,Germany,Mannheim,49.48746109008789,8.466039657592773,,https://www.facebook.com/groups/157986404266913/,,,Nir Avneyon,2017-07-12T21:51:06Z
264,Slackline France,Community,Huge,France,,46.22763824462891,2.213748931884766,,https://www.facebook.com/groups/100447203334294,,,Nir Avneyon,2017-07-12T21:51:06Z
265,Phoenix Slackliners,Community,Small,United States,Phoenix,33.44837951660156,-112.0739974975586,,https://www.facebook.com/groups/146058262208810,,,Nir Avneyon,2017-07-12T21:51:06Z
266,Bogota Slackers (Slackline Colombia),Community,Large,Colombia,Bogota,4.710988599999999,-74.072092,,https://www.facebook.com/groups/bogotaslackers,,"Bogota Slackers nació en la UNal de Colombia con practicantes de varios sectores de la ciudad que se reunían con el fin de entrenar slackline. Dada la multiculturalidad de los espacios generados en la UNal, Bogota Slackers no solo se dedica a la practica convencional de slackline sino que además la complementa con otro tipo de expresiones artísticas -urbanas y naturales- a través de la sensibilidad que se genera con la practica de esta disciplina. Aquí encontrarán un grupo que gustosamente comparte sus experiencias y aprende de la de otros, y asi aporta a que slackline se expanda.

¡BIENVENID@S quienes buscan el EQUILIBRIO en su vida diaria!",Nir Avneyon,2017-07-12T21:51:06Z
267,Slackline Italia,Community,Large,Italy,,41.87194061279297,12.56737995147705,,https://www.facebook.com/groups/SlacklineItalia,,,Nir Avneyon,2017-07-12T21:51:06Z
268,San Diego Slacklining,Community,Medium,United States,San Diego,32.71574020385742,-117.1611022949219,,https://www.facebook.com/groups/sdslacklining,,,Nir Avneyon,2017-07-12T21:51:06Z
269,Slackline Querétaro,Community,Medium,Mexico,Querétaro,20.58881950378418,-100.3899002075195,,https://www.facebook.com/groups/245959712146499,,,Nir Avneyon,2017-07-12T21:51:06Z
270,Slackline Cachoeira,Community,Small,Brazil,Cachoeira,-12.60103988647461,-38.9659309387207,,https://www.facebook.com/groups/slacklinecachoeira,,,Nir Avneyon,2017-07-12T21:51:06Z
271,Eindhoven Slackline,Community,Medium,The Netherlands,Eindhoven,51.4416389465332,5.469721794128418,,https://www.facebook.com/groups/1420424851503917,,,Nir Avneyon,2017-07-12T21:51:06Z
272,Los Locos de la Cinta - Slackline Ecuador,Community,Large,Ecuador,,-1.831238985061646,-78.18340301513672,,https://www.facebook.com/groups/1492930747598739,,,Nir Avneyon,2017-07-12T21:51:06Z
273,Araucária slackline,Community,Medium,Brazil,Araucária,-25.11117935180664,-49.94932174682617,,https://www.facebook.com/groups/1631026883799048,,,Nir Avneyon,2017-07-12T21:51:06Z
274,Slackline Budapest Klub,Community,Large,Hungary,Budapest,47.49790954589844,19.04023933410645,,https://www.facebook.com/groups/135943313161020,,,Nir Avneyon,2017-07-12T21:51:06Z
275,Slackline (Granada),Community,Medium,Spain,Granada,37.17734146118164,-3.598556995391846,,https://www.facebook.com/groups/1488419928111449/,,,Nir Avneyon,2017-07-12T21:51:06Z
276,Flō Slackline Zadar,Community,Small,Croatia,Zadar,44.11936950683594,15.231369972229,,https://www.facebook.com/groups/1054178381375412,,,Nir Avneyon,2017-07-12T21:51:06Z
277,Slackline Neuquen,Community,Large,Argentina,Neuquen,-38.95167922973633,-68.05918884277344,,https://www.facebook.com/groups/slackline.neuquen,,,Nir Avneyon,2017-07-12T21:51:06Z
278,Slackline Valencia,Community,Large,Spain,Valencia,39.46990966796875,-0.3762880861759186,,https://www.facebook.com/groups/120662984770839,,,Nir Avneyon,2017-07-12T21:51:06Z
279,Slackline Girona,Community,Medium,Spain,Girona,41.97940063476563,2.821425914764404,,https://www.facebook.com/groups/1627374164206663,,,Nir Avneyon,2017-07-12T21:51:06Z
280,Florida Slackline Acro Fire Flow Jams,Community,Large,United States,Florida,27.66482925415039,-81.5157470703125,,https://www.facebook.com/groups/852299281555562,,,Nir Avneyon,2017-07-12T21:51:06Z
281,Slackline Iquitos,Community,Medium,Ecuador,Iquitos,-3.982212066650391,-79.21266174316406,,https://www.facebook.com/groups/1654482541434510,,,Nir Avneyon,2017-07-12T21:51:06Z
282,I Solari Marinai della Slack (Slackline Milano),Community,Medium,Italy,Milano,45.46541976928711,9.185924530029297,,https://www.facebook.com/groups/729089347141141,,,Nir Avneyon,2017-07-12T21:51:06Z
283,Slackline Praia Grande - SP,Community,Medium,Brazil,Praia Grande,-24.00884056091309,-46.41246032714844,,https://www.facebook.com/groups/193186800795573,,,Nir Avneyon,2017-07-12T21:51:06Z
284,Slackline Vale do Aço - MG,Community,Medium,Brazil,Vale do Aço,-19.44194984436035,-42.59017181396484,,https://www.facebook.com/groups/297302020328131,,,Nir Avneyon,2017-07-12T21:51:06Z
285,LOKAHI - Escola de Slackline - Santos - SP,Community,Medium,Brazil,Santos,-23.95612907409668,-46.32640838623047,,https://www.facebook.com/groups/317388671616220,,,Nir Avneyon,2017-07-12T21:51:06Z
286,Slackline - Compra e Venda de Equipamentos Usados,Market,Huge,Brazil,,-14.23499965667725,-51.9252815246582,,https://www.facebook.com/groups/415878895108080,,,Nir Avneyon,2017-07-12T21:51:06Z
287,Slackline Zona Leste,Community,Large,Brazil,São Paulo Zona Leste,-23.53388977050781,-46.50333023071289,,https://www.facebook.com/groups/slacklinezl,,,Nir Avneyon,2017-07-12T21:51:06Z
288,Slackline Belgium,Community,Large,Belgium,Bruxelles,50.8503396,4.3517103,,https://www.facebook.com/groups/2962240000,,,Nir Avneyon,2017-07-12T21:51:06Z
289,Slackline Salamanca!,Community,Small,Spain,Salamanca,40.97010040283203,-5.663539886474609,,https://www.facebook.com/groups/424919077584788,,,Nir Avneyon,2017-07-12T21:51:06Z
290,Slackline Bertioga,Community,Small,Brazil,Bertioga,-23.80643081665039,-46.0589485168457,,https://www.facebook.com/groups/435785449872556,,,Nir Avneyon,2017-07-12T21:51:06Z
291,Slackline - Östersund,Community,Small,Sweden,Östersund,63.17668151855469,14.63607025146484,,https://www.facebook.com/groups/297527560396439,,,Nir Avneyon,2017-07-12T21:51:06Z
292,Slackline Perú,Community,Small,Peru,,-9.189967155456543,-75.01515197753906,,https://www.facebook.com/groups/323370747792445,,,Nir Avneyon,2017-07-12T21:51:06Z
293,Calangos Slackline,Community,Medium,Brazil,Natal,-5.779256820678711,-35.20092010498047,,https://www.facebook.com/groups/1696489627251102,,,Nir Avneyon,2017-07-12T21:51:06Z
294,Slackline Normandie,Community,Medium,France,Normandie,48.8798713684082,0.1712529063224793,,https://www.facebook.com/groups/1696489627251102,,,Nir Avneyon,2017-07-12T21:51:06Z
295,Slackline Brescia,Community,Medium,Italy,Brescia,45.54154968261719,10.21179962158203,,https://www.facebook.com/groups/1520352678231361,,,Nir Avneyon,2017-07-12T21:51:06Z
296,Slackline Ardèche,Community,Medium,France,Ardèche,44.75962829589844,4.562442779541016,,https://www.facebook.com/groups/167694273378846,,,Nir Avneyon,2017-07-12T21:51:06Z
297,Tasmania Slackline,Community,Medium,Australia,Tasmania,-41.45452117919922,145.970703125,,https://www.facebook.com/groups/1712851322261180,,,Nir Avneyon,2017-07-12T21:51:06Z
298,Nokaya Slackline - BRASIL (Grupo),Team,Large,Brazil,,-14.23499965667725,-51.9252815246582,,https://www.facebook.com/groups/nokaya,,,Nir Avneyon,2017-07-12T21:51:06Z
299,Swiss-Slackline Chat,Community,Medium,Switzerland,,46.81819152832031,8.22751235961914,,https://www.facebook.com/groups/29750285400,,,Nir Avneyon,2017-07-12T21:51:06Z
300,Auckland University Slackline people,Community,Medium,New Zealand,Devonport,-36.82743835449219,174.7967071533203,,https://www.facebook.com/groups/462833687199383,,,Nir Avneyon,2017-07-12T21:51:06Z
301,Hanoï Slack-line,Community,Medium,Vietnam,Hanoï,21.02776908874512,105.8341979980469,,https://www.facebook.com/groups/807232429297074,,,Nir Avneyon,2017-07-12T21:51:06Z
302,Slackline Colombia (Mujeres),Community,Medium,Colombia,,4.570868015289307,-74.29733276367188,,https://www.facebook.com/groups/130339827161329,,,Nir Avneyon,2017-07-12T21:51:06Z
303,Camden Fire Twirling + Slackline Community,Community,Medium,Australia,Camden Macarthur,-34.05443954467773,150.69580078125,,https://www.facebook.com/groups/502982613083936,,,Nir Avneyon,2017-07-12T21:51:06Z
304,Slackline Mendoza,Community,Medium,Argentina,Mendoza,-32.88946151733398,-68.84584045410156,,https://www.facebook.com/groups/214698078570528,,,Nir Avneyon,2017-07-12T21:51:06Z
305,Lineforeningen (Slackline Trondheim),Community,Medium,Norway,Trondheim,63.43051910400391,10.39505004882813,,https://www.facebook.com/groups/1488420731483860,,,Nir Avneyon,2017-07-12T21:51:06Z
306,Slackline Cardiff,Community,Small,United Kingdom,Cardiff,51.4815788269043,-3.179090023040772,,https://www.facebook.com/groups/slacklinecardiff,,,Nir Avneyon,2017-07-12T21:51:06Z
307,Slackline Porto Velho/RO,Community,Medium,Brazil,Porto Velho,-8.761160850524902,-63.90042877197266,,https://www.facebook.com/groups/751268841668214,,,Nir Avneyon,2017-07-12T21:51:06Z
308,Slacklining York,Community,Medium,United Kingdom,Yorkshire,53.69908142089844,-1.122867941856384,,https://www.facebook.com/groups/SlacklineYork,,,Nir Avneyon,2017-07-12T21:51:06Z
309,Slackline Ostrava,Community,Medium,Czech Republic,Ostrov,50.30593109130859,12.93908023834229,,https://www.facebook.com/groups/225282337487422,,,Nir Avneyon,2017-07-12T21:51:06Z
310,Slackline Panama,Community,Small,Panama,,41.20331954956055,-77.19452667236328,,https://www.facebook.com/groups/Slacklinepanama,,,Nir Avneyon,2017-07-12T21:51:06Z
311,Jefferson State Slacklines,Community,Medium,United States,Northern California,38.83752059936523,-120.8957977294922,,https://www.facebook.com/groups/174066186303076,,,Nir Avneyon,2017-07-12T21:51:06Z
312,Slackline Cuenca,Community,Small,Ecuador,Cuenca,-2.900129079818726,-79.00589752197266,,https://www.facebook.com/groups/373143052837139,,,Nir Avneyon,2017-07-12T21:51:06Z
313,Slackline Firenze,Community,Medium,Italy,Firenze,43.76956176757813,11.25580978393555,,https://www.facebook.com/groups/210085015851384,,,Nir Avneyon,2017-07-12T21:51:06Z
314,Slackline New Hampshire,Community,Small,United States,New Hampshire,43.19385147094727,-71.57240295410156,,https://www.facebook.com/groups/1166901753336363,,,Nir Avneyon,2017-07-12T21:51:06Z
315,SLACKLINE PERTH  AUSTRALIA <3,Community,Medium,Australia,Perth,-31.95052909851074,115.8604965209961,,https://www.facebook.com/groups/202879596433035,,,Nir Avneyon,2017-07-12T21:51:06Z
316,slackline Belgium (nl),Community,Medium,Belgium,,50.50389099121094,4.469935894012451,,https://www.facebook.com/groups/100797709993181,,,Nir Avneyon,2017-07-12T21:51:06Z
317,Bellingham Slackline Group,Community,Medium,United States,Bellingham,48.75191116333008,-122.4786987304688,,https://www.facebook.com/groups/485108571648225,,,Nir Avneyon,2017-07-12T21:51:06Z
318,Slackline Goiânia,Community,Large,Brazil,Goiânia,-16.6868896484375,-49.26478958129883,,https://www.facebook.com/groups/slacklinegyn,,,Nir Avneyon,2017-07-12T21:51:06Z
319,Tivoli slackline sessions,Community,Medium,Italy,Tivoli,41.96121978759766,12.79397964477539,,https://www.facebook.com/groups/1401204650097960,,,Nir Avneyon,2017-07-12T21:51:06Z
321,Slackline Group Arnhem-Nijmegen,Community,Small,The Netherlands,Arnhem-Nijmegen,51.91471862792969,5.885832786560059,,https://www.facebook.com/groups/slacklinegrouparnhemnijmegen,,,Nir Avneyon,2017-07-12T21:51:06Z
322,Slackline Romagna,Community,Medium,Italy,Romagna,44.59675979614258,11.21864032745361,,https://www.facebook.com/groups/slackline.romagna,,,Nir Avneyon,2017-07-12T21:51:06Z
323,Northumbria Slackline Society,Community,Medium,United Kingdom,Northumbria University,54.97689056396484,-1.607594966888428,,https://www.facebook.com/groups/northumbriaslackline,,,Nir Avneyon,2017-07-12T21:51:06Z
324,Slacklining Maastricht (Slackline),Community,Medium,The Netherlands,Maastricht,50.85137176513672,5.690971851348877,,https://www.facebook.com/groups/436523529755078,,,Nir Avneyon,2017-07-12T21:51:06Z
325,Patos Slackers (Cordoba slackline),Community,Large,Argentina,Cordoba,-31.42008329999999,-64.1887761,,https://www.facebook.com/groups/cuackslack,,,Nir Avneyon,2017-07-12T21:51:06Z
326,Slackline MARBELLA,Community,Small,Spain,Marbella,36.51007080078125,-4.882446765899658,,https://www.facebook.com/groups/150866975118873,,,Nir Avneyon,2017-07-12T21:51:06Z
327,Slackline Tenerife,Community,Medium,Spain,Tenerife,28.29155921936035,-16.62912940979004,,https://www.facebook.com/groups/369855609796952,,,Nir Avneyon,2017-07-12T21:51:06Z
328,Araucania Slackline,Community,Medium,Chile,Araucania,-38.94892120361328,-72.33112335205078,,https://www.facebook.com/groups/Araucaniaslackline,,,Nir Avneyon,2017-07-12T21:51:06Z
329,SLACKLINE - TORRES/RS,Community,Medium,Brazil,Torres RS,-29.33440971374512,-49.72391128540039,,https://www.facebook.com/groups/slacklineTorresRS,,,Nir Avneyon,2017-07-12T21:51:06Z
330,Slackline Cancun,Community,Medium,Mexico,Cancun,21.16190910339356,-86.85151672363281,,https://www.facebook.com/groups/411310728900053,,,Nir Avneyon,2017-07-12T21:51:06Z
331,Santiago Slackline,Community,Large,Chile,Santiago,-33.44889068603516,-70.66927337646484,,https://www.facebook.com/groups/356446821095653,,,Nir Avneyon,2017-07-12T21:51:06Z
332,Club Social y Deportivo Slackline Costaline,Community,Medium,Chile,El Tabo,-33.45571899414063,-71.66693115234375,,https://www.facebook.com/groups/534012346703172,,,Nir Avneyon,2017-07-12T21:51:06Z
333,Slackline Toulouse (le groupe ),Community,Large,France,Toulouse,43.60464859008789,1.444208979606628,,https://www.facebook.com/groups/1375755199323671,,,Nir Avneyon,2017-07-12T21:51:06Z
334,SlackPoints Slackline Porto Alegre - novidades e picos por ae...,Community,Large,Brazil,Porto Alegre,-30.03465080261231,-51.21765899658203,,https://www.facebook.com/groups/slacklineportoalegre,,,Nir Avneyon,2017-07-12T21:51:06Z
335,Oahu Slackline,Community,Medium,United States,Oahu,21.43890953063965,-158.0001068115234,,https://www.facebook.com/groups/238522779607434,,,Nir Avneyon,2017-07-12T21:51:06Z
336,Leeds Slacklining,Community,Medium,United Kingdom,Leeds,53.80075073242188,-1.549077033996582,,https://www.facebook.com/groups/289577124386328,,,Nir Avneyon,2017-07-12T21:51:06Z
337,Slackline Cagliari,Community,Medium,Italy,Cagliari,39.22383880615234,9.121661186218262,,https://www.facebook.com/groups/918614061485089,,,Nir Avneyon,2017-07-12T21:51:06Z
338,Slackline B.D.B,Community,Medium,France,Bois de Boulogne,48.8624382019043,2.249172925949097,,https://www.facebook.com/groups/779635565408233,,,Nir Avneyon,2017-07-12T21:51:06Z
339,Slackline UFMG,Community,Large,Brazil,Universidade Federal de Minas Gerais,-19.86908912658691,-43.96638107299805,,https://www.facebook.com/groups/slackline.ufmg,,,Nir Avneyon,2017-07-12T21:51:06Z
340,Slackline Zürich,Community,Large,Switzerland,Zürich,47.37688827514648,8.541693687438965,,https://www.facebook.com/groups/slacklinezurich,,,Nir Avneyon,2017-07-12T21:51:06Z
341,Slackline Ancona,Community,Medium,Italy,Ancona,43.61582946777344,13.51891994476318,,https://www.facebook.com/groups/293903260817778,,,Nir Avneyon,2017-07-12T21:51:06Z
342,Compra y venta de Slacklines usados CHILE,Market,Large,Chile,,-35.67515182495117,-71.54296875,,https://www.facebook.com/groups/slackusados,,,Nir Avneyon,2017-07-12T21:51:06Z
343,BALI SLACKLINE,Community,Medium,Indonesia,Bali,-8.34053897857666,115.0919036865234,,https://www.facebook.com/groups/683822871634065,,,Nir Avneyon,2017-07-12T21:51:06Z
344,Slackline Padova,Community,Medium,Italy,Padova,45.40642929077148,11.87675952911377,,https://www.facebook.com/groups/1376274022605831,,,Nir Avneyon,2017-07-12T21:51:06Z
345,Newcastle Australia Slacklining,Community,Small,Australia,Newcastle,-32.88510131835938,151.7239990234375,,https://www.facebook.com/groups/298207786900174,,,Nir Avneyon,2017-07-12T21:51:06Z
346,Slackline Lisboa,Community,Large,Portugal,Lisbon,38.72225189208984,-9.139336585998535,,https://www.facebook.com/groups/186933448020181,,,Nir Avneyon,2017-07-12T21:51:06Z
347,Slackline Salvador,Community,Huge,Brazil,Bahia,-12.57973957061768,-41.70072937011719,,https://www.facebook.com/groups/slacklinesalvador,,,Nir Avneyon,2017-07-12T21:51:06Z
348,Slackline Bucuresti,Community,Medium,Romania,Bucuresti,44.4267692565918,26.1025390625,,https://www.facebook.com/groups/slacklinebucuresti,,,Nir Avneyon,2017-07-12T21:51:06Z
349,Slackline Cumbria,Community,Small,United Kingdom,Cumbria,54.57722854614258,-2.797482967376709,,https://www.facebook.com/groups/472603896143971,,,Nir Avneyon,2017-07-12T21:51:06Z
350,Lemur Team Slackline Brasil,Community,Large,Brazil,,-14.23499965667725,-51.9252815246582,,https://www.facebook.com/groups/lemurslacklines,,,Nir Avneyon,2017-07-12T21:51:06Z
351,Slackline Cádiz,Community,Medium,Spain,Cádiz,36.52706146240234,-6.288596153259277,,https://www.facebook.com/groups/1514348995475979,,,Nir Avneyon,2017-07-12T21:51:06Z
352,Slackline Itatiba,Community,Medium,Brazil,Itatiba,-23.00399017333984,-46.8468017578125,,https://www.facebook.com/groups/236738006440096,,,Nir Avneyon,2017-07-12T21:51:06Z
353,Slackline España,Community,Medium,Spain,,40.46366882324219,-3.74921989440918,,https://www.facebook.com/groups/138821139616995,,,Nir Avneyon,2017-07-12T21:51:06Z
354,Slackline  Haute-Savoie,Community,Medium,France,Haute-Savoie,46.17567825317383,6.538961887359619,,https://www.facebook.com/groups/136383753114013,,,Nir Avneyon,2017-07-12T21:51:06Z
355,Slackline Wiesbaden,Community,Tiny,Germany,Wiesbaden,50.07822036743164,8.239760398864746,,https://www.facebook.com/groups/1118106848245211,,,Nir Avneyon,2017-07-12T21:51:06Z
356,Slackline Petrópolis,Community,Medium,Brazil,Petrópolis,-22.51125907897949,-43.17790985107422,,https://www.facebook.com/groups/301971046525512,,,Nir Avneyon,2017-07-12T21:51:06Z
357,Jerusalem Slackline,Community,Small,Israel,Jerusalem,31.76832008361816,35.21371078491211,,https://www.facebook.com/groups/429721663821139,,,Nir Avneyon,2017-07-12T21:51:06Z
358,Slackline - São José dos Campos e Região,Community,Medium,Brazil,São José  dos campos,-23.22369956970215,-45.90090942382813,,https://www.facebook.com/groups/279494748804001,,,Nir Avneyon,2017-07-12T21:51:06Z
359,Slackline China,Community,Medium,China,,35.86166000366211,104.1953964233398,,https://www.facebook.com/groups/239052822860137,,,Nir Avneyon,2017-07-12T21:51:06Z
360,Slackline Antwerpen,Community,Small,Belgium,Antwerpen,51.21945190429688,4.402463912963867,,https://www.facebook.com/groups/1407577446176946,,,Nir Avneyon,2017-07-12T21:51:06Z
361,Slackline Torino,Community,Medium,Italy,Torino,45.07030868530273,7.686855792999268,,https://www.facebook.com/groups/SlacklineTorino,,,Nir Avneyon,2017-07-12T21:51:06Z
362,SLACKLINE Santa Fe,Community,Medium,Argentina,Santa Fe,-31.6106578,-60.697294,,https://www.facebook.com/groups/114003572018821,,,Nir Avneyon,2017-07-12T21:51:06Z
363,SlackLine URUGUAY,Community,Medium,Uruguay,,-32.52278137207031,-55.76583099365234,,https://www.facebook.com/groups/213183395550577,,,Nir Avneyon,2017-07-12T21:51:06Z
365,SlacklinE NordestE,Community,Medium,Brazil,NordestE,-10.06264019012451,-42.55096054077148,,https://www.facebook.com/groups/439189726112271,,,Nir Avneyon,2017-07-12T21:51:06Z
366,Slackline Las Palmas (Gran Canaria),Community,Medium,Spain,Gran Canaria,27.92021942138672,-15.54743957519531,,https://www.facebook.com/groups/245742688814462,,,Nir Avneyon,2017-07-12T21:51:06Z
367,Vale Slackline,Community,Medium,Brazil,Paraíba,-7.23996114730835,-36.78195190429688,,https://www.facebook.com/groups/521377924626604,,,Nir Avneyon,2017-07-12T21:51:06Z
368,Slackline @ Helsinki,Community,Medium,Finland,Helsinki,60.16986083984375,24.93837928771973,,https://www.facebook.com/groups/204930092873911,,,Nir Avneyon,2017-07-12T21:51:06Z
369,Slackline Mar del plata,Community,Medium,Chile,Mar Del Plata,-33.43317031860352,-70.60903930664062,,https://www.facebook.com/groups/263647037088047,,,Nir Avneyon,2017-07-12T21:51:06Z
370,Colorado Slackline Club,Community,Medium,United States,Colorado,39.550048828125,-105.782096862793,,https://www.facebook.com/groups/coloradoslacklineclub,,,Nir Avneyon,2017-07-12T21:51:06Z
371,NW slackline (Seattle & beyond),Community,Large,United States,Seattle,47.60620880126953,-122.3320999145508,,https://www.facebook.com/groups/nwslackline,,,Nir Avneyon,2017-07-12T21:51:06Z
372,GOODVIBES Paraná (slackline),Community,Medium,Brazil,Paraná,-25.25209045410156,-52.02154159545898,,https://www.facebook.com/groups/231276606908203,,,Nir Avneyon,2017-07-12T21:51:06Z
373,Sheffield slacklining,Community,Medium,United Kingdom,Sheffield,53.38113021850586,-1.470085024833679,,https://www.facebook.com/groups/410136965685047,,,Nir Avneyon,2017-07-12T21:51:06Z
374,Slackline - Teresina-PI,Community,Medium,Brazil,Teresina,-5.044684886932373,-42.76623153686523,,https://www.facebook.com/groups/193498270727510,,,Nir Avneyon,2017-07-12T21:51:06Z
375,Slackline Viña del Mar,Community,Medium,Chile,Viña del Mar,-33.01535034179688,-71.55003356933594,,https://www.facebook.com/groups/287467638061268,,,Nir Avneyon,2017-07-12T21:51:06Z
376,Slackline CPH,Community,Large,Denmark,Copenhagen,55.67610168457031,12.56834030151367,,https://www.facebook.com/groups/SlacklineCopenhagen,,,Nir Avneyon,2017-07-12T21:51:06Z
377,Slackline Recife,Community,Large,Brazil,Recife,-8.057838439941406,-34.88290023803711,,https://www.facebook.com/groups/slackrecife,,,Nir Avneyon,2017-07-12T21:51:06Z
378,Slackline Poitiers,Community,Small,France,Poitiers,46.58021926879883,0.3403750061988831,,https://www.facebook.com/groups/225311394301871,,,Nir Avneyon,2017-07-12T21:51:06Z
379,University of Nottingham Slacklining Society,Community,Medium,United Kingdom,University of Nottingham,52.93864059448242,-1.195158004760742,,https://www.facebook.com/groups/UoNSlackliningSociety,,,Nir Avneyon,2017-07-12T21:51:06Z
380,SLACKLINE PUEBLO LIBRE,Community,Medium,Peru,Pueblo Libre,-12.07876014709473,-77.06553649902344,,https://www.facebook.com/groups/545463875518776,,,Nir Avneyon,2017-07-12T21:51:06Z
381,Slackline Bahia,Community,Large,Brazil,Bahia,-12.57973957061768,-41.70072937011719,,https://www.facebook.com/groups/slacklinebahia,,,Nir Avneyon,2017-07-12T21:51:06Z
382,Slackline Bariloche,Community,Medium,Argentina,Bariloche,-41.13346862792969,-71.3102798461914,,https://www.facebook.com/groups/536914129685472,,,Nir Avneyon,2017-07-12T21:51:06Z
383,Slackline Porto,Community,Medium,Portugal,Porto,41.15793991088867,-8.629105567932129,,https://www.facebook.com/groups/352287361573507,,,Nir Avneyon,2017-07-12T21:51:06Z
384,Lviv Slackline,Community,Medium,Ukraine,Lviv,49.83967971801758,24.02972030639648,,https://www.facebook.com/groups/LvivSlackline,,,Nir Avneyon,2017-07-12T21:51:06Z
385,Sur le Fil : Brest Slackline,Community,Medium,France,Brest,48.39038848876953,-4.486075878143311,,https://www.facebook.com/groups/642665652437476,,,Nir Avneyon,2017-07-12T21:51:06Z
386,Adelaide Slackline Syndicate,Community,Medium,Australia,Adelaide,-34.92850112915039,138.6006927490234,,https://www.facebook.com/groups/AdelaideSlackliners,,,Nir Avneyon,2017-07-12T21:51:06Z
387,Sanka Slackline,Community,Medium,Brazil,São Carlos,-22.00871086120606,-47.89091110229492,,https://www.facebook.com/groups/sankaslackline,,,Nir Avneyon,2017-07-12T21:51:06Z
388,Slackline Maringá,Community,Medium,Brazil,Maringá,-23.42099952697754,-51.93305969238281,,https://www.facebook.com/groups/379111232109797,,,Nir Avneyon,2017-07-12T21:51:06Z
389,Descalvado Slackline,Community,Medium,Brazil,Descalvado,-21.91592979431152,-47.62028121948242,,https://www.facebook.com/groups/descalvadoslackline,,,Nir Avneyon,2017-07-12T21:51:06Z
390,Slackline - Parque do Flamengo (Rio de Janeiro),Community,Medium,Brazil,"Parque do Flamengo, Rio de Janeiro",-22.92831993103027,-43.17316055297852,,https://www.facebook.com/groups/202137713153921,,,Nir Avneyon,2017-07-12T21:51:06Z
391,"Slackline Trutnovsko, Náchodsko & Broumovsko",Community,Medium,Czech Republic,Broumovsko,50.58565902709961,16.33181953430176,,https://www.facebook.com/groups/568458873200856,,,Nir Avneyon,2017-07-12T21:51:06Z
392,"Slacklining - Cambridge, UK",Community,Medium,United Kingdom,Cambridge,52.20534133911133,0.1218170002102852,,https://www.facebook.com/groups/134664093232085,,,Nir Avneyon,2017-07-12T21:51:06Z
393,University of Manchester Slackline Society,Community,Medium,United Kingdom,University of Manchester,53.46685028076172,-2.23388409614563,,https://www.facebook.com/groups/uomslackline,,,Nir Avneyon,2017-07-12T21:51:06Z
394,Durango Slackline,Community,Small,United States,Durango,37.2752799987793,-107.8800964355469,,https://www.facebook.com/groups/308165902556978,,,Nir Avneyon,2017-07-12T21:51:06Z
395,Slackline - Sampaio Moreira Parque,Community,Large,Brazil,São Paulo,-23.55051994323731,-46.63330841064453,,https://www.facebook.com/groups/265800503594126,,,Nir Avneyon,2017-07-12T21:51:06Z
396,Liverpool Slacklining.. (LivSlackers - Slackline Group),Community,Medium,United Kingdom,Liverpool,53.40837097167969,-2.991573095321655,,https://www.facebook.com/groups/LivSlackers,,,Nir Avneyon,2017-07-12T21:51:06Z
397,SlackLine Uberlândia - MG,Community,Medium,Brazil,Uberlândia,-18.91460990905762,-48.2753791809082,,https://www.facebook.com/groups/496599617038867,,,Nir Avneyon,2017-07-12T21:51:06Z
398,slackline Itabira,Community,Medium,Brazil,Itabira,-19.62442016601563,-43.23163986206055,,https://www.facebook.com/groups/131333947062166,,,Nir Avneyon,2017-07-12T21:51:06Z
399,Slackline Salzburg,Community,Medium,Austria,Salzburg,47.80949020385742,13.05500984191895,http://www.slackline-salzburg.at/,https://www.facebook.com/groups/slacklinesalzburg,https://www.facebook.com/slacklinesalzburg/,,Nir Avneyon,2017-07-12T21:51:06Z
400,Slackline Argentina,Community,Medium,Argentina,,-38.41609954833984,-63.61666870117188,,https://www.facebook.com/groups/35689976544,,,Nir Avneyon,2017-07-12T21:51:06Z
401,Slackline Roma,Community,Medium,Italy,Roma,41.90277862548828,12.49637031555176,,https://www.facebook.com/groups/1483045301984576,,,Nir Avneyon,2017-07-12T21:51:06Z
402,Slackline Reims,Community,Small,France,Reims,49.25833129882813,4.03169584274292,,https://www.facebook.com/groups/698583786882857,,,Nir Avneyon,2017-07-12T21:51:06Z
403,BOGOTA SlackLine,Market,Medium,Colombia,Bogota,4.710988998413086,-74.07209014892578,,https://www.facebook.com/groups/212763555459167,,,Nir Avneyon,2017-07-12T21:51:06Z
404,Slackline Portland,Community,Medium,United States,Portland,45.5230598449707,-122.6764984130859,,,https://www.facebook.com/SlacklinePortland/,,Nir Avneyon,2017-07-12T21:51:06Z
405,Slackline Dublin,Community,Medium,Ireland,Dublin,53.34980010986328,-6.260310173034668,,https://www.facebook.com/groups/slacklinedublin,,,Nir Avneyon,2017-07-12T21:51:06Z
406,Slackline en Costa Rica,Community,Medium,Costa Rica,,9.748916625976562,-83.75343322753906,,https://www.facebook.com/SlacklineCR/,,,Nir Avneyon,2017-07-12T21:51:06Z
407,Slackline Ilhabela,Community,Medium,Brazil,Ilhabela,-23.77902984619141,-45.35565948486328,,https://www.facebook.com/groups/175667069200812,,,Nir Avneyon,2017-07-12T21:51:06Z
408,Slackline Beskydy,Community,Small,Poland,Beskydy,49.54393005371094,20.14344024658203,,https://www.facebook.com/groups/1455828234700453,,,Nir Avneyon,2017-07-12T21:51:06Z
409,Slackline Brasília,Community,Large,Brazil,Brasília,-15.79423046112061,-47.88216018676758,,https://www.facebook.com/groups/slacklinebrasilia,,,Nir Avneyon,2017-07-12T21:51:06Z
410,Dunedin Slackline,Community,Small,New Zealand,Dunedin,-45.87876129150391,170.5028076171875,,,https://www.facebook.com/groups/DunedinSlackline/,,Nir Avneyon,2017-07-12T21:51:06Z
411,Slackline in and around Rosenheim,Community,Medium,Germany,Rosenheim,47.85712814331055,12.1181001663208,,https://www.facebook.com/groups/253394011348823,,,Nir Avneyon,2017-07-12T21:51:06Z
412,SlackLine Sorocaba,Community,Medium,Brazil,Sorocaba,-23.50152969360352,-47.45259094238281,,https://www.facebook.com/groups/slaclinesorocaba,,,Nir Avneyon,2017-07-12T21:51:06Z
413,Slackline Sevilla,Community,Medium,Spain,Sevilla,37.38909149169922,-5.984458923339844,,https://www.facebook.com/groups/203154696402921,,,Nir Avneyon,2017-07-12T21:51:06Z
414,Slackline Chamonix,Community,Medium,France,Chamonix,45.92369842529297,6.869432926177979,,https://www.facebook.com/groups/246214455528529,,,Nir Avneyon,2017-07-12T21:51:06Z
415,Bandung Slacklines,Community,Medium,Indonesia,Bandung,-6.917463779449463,107.6191024780273,,https://www.facebook.com/groups/326316210737045,,,Nir Avneyon,2017-07-12T21:51:06Z
416,Slackline Málaga,Community,Medium,Spain,Málaga,36.72127914428711,-4.421399116516113,,https://www.facebook.com/groups/1422290168005495,,,Nir Avneyon,2017-07-12T21:51:06Z
417,Slackline in Latvia,Community,Medium,Latvia,,56.87963104248047,24.60318946838379,,https://www.facebook.com/groups/slackline.lv/,,,Nir Avneyon,2017-07-12T21:51:06Z
418,SlackLine Ibiá,Community,Medium,Brazil,Ibiá,-19.4878101348877,-46.54505157470703,,https://www.facebook.com/groups/387422224674635,,,Nir Avneyon,2017-07-12T21:51:06Z
419,SLACKLINE ATIBAIA,Community,Medium,Brazil,Atibaia,-23.11754989624023,-46.55670928955078,,https://www.facebook.com/groups/slackatibaia,,,Nir Avneyon,2017-07-12T21:51:06Z
420,Slackline - New Zealand,Community,Medium,New Zealand,,-40.90055847167969,174.8860015869141,,https://www.facebook.com/groups/102636886449530,,,Nir Avneyon,2017-07-12T21:51:06Z
421,Slackline Santa Monica OMB,Community,Medium,United States,Santa Monica,34.01945114135742,-118.4912033081055,,https://www.facebook.com/groups/SlacklineSantamonica,,,Nir Avneyon,2017-07-12T21:51:06Z
422,Mamutes Slackline,Community,Medium,Brazil,São José dos Campos,-23.22369956970215,-45.90090942382813,,https://www.facebook.com/groups/175281592631106,,,Nir Avneyon,2017-07-12T21:51:06Z
423,SlackLine Paris Banlieu Est,Community,Medium,France,Paris,48.85660934448242,2.352221965789795,,https://www.facebook.com/groups/304549529731399,,,Nir Avneyon,2017-07-12T21:51:06Z
424,Durham University Slacklining Club,Community,Medium,United Kingdom,Durham University,54.76498031616211,-1.578202962875366,,https://www.facebook.com/groups/1498681813706837,,,Nir Avneyon,2017-07-12T21:51:06Z
425,Slackline(APERITIVI)Fabriano,Community,Medium,Italy,Fabriano,43.344970703125,12.90622043609619,,https://www.facebook.com/groups/636657153092588,,,Nir Avneyon,2017-07-12T21:51:06Z
426,Slackline Spaghetti,Community,Medium,Italy,Turin,41.87194061279297,12.56737995147705,,https://www.facebook.com/groups/slackspaghetti,,,Nir Avneyon,2017-07-12T21:51:06Z
427,Slackline Riobamba,Community,Medium,Ecuador,Riobamba,-1.663550972938538,-78.65464782714844,,https://www.facebook.com/groups/196249570550463,,,Nir Avneyon,2017-07-12T21:51:06Z
428,Sunshine Slackline Rio Preto,Community,Medium,Brazil,Rio Preto,-20.81175994873047,-49.37622833251953,,https://www.facebook.com/groups/277811355716422,,,Nir Avneyon,2017-07-12T21:51:06Z
429,Slackline  Posadas,Community,Medium,Argentina,Posadas,-27.36214065551758,-55.90087890625,,https://www.facebook.com/groups/slacklinePosadas,,,Nir Avneyon,2017-07-12T21:51:06Z
430,Slackline Limerick,Community,Small,Ireland,Limerick,52.66801834106445,-8.630497932434082,,https://www.facebook.com/groups/134402476891204,,,Nir Avneyon,2017-07-12T21:51:06Z
431,Boulder Slacklining Association (BSA),Association,Medium,United States,Boulder,40.01498031616211,-105.2705001831055,,https://www.facebook.com/groups/bocoslackline,,,Nir Avneyon,2017-07-12T21:51:06Z
432,Slackline Ribeirão Preto,Community,Small,Brazil,Ribeirão Preto,-21.17050933837891,-47.81024932861328,,https://www.facebook.com/groups/1516707398548573,,,Nir Avneyon,2017-07-12T21:51:06Z
433,Slackline Campinas e região,Community,Medium,Brazil,Campinas,-22.90994071960449,-47.06262969970703,,https://www.facebook.com/groups/366439460082746,,,Nir Avneyon,2017-07-12T21:51:06Z
434,Slackline Bauru,Community,Medium,Brazil,Bauru,-22.31446075439453,-49.05870056152344,,https://www.facebook.com/groups/624959884249855,,,Nir Avneyon,2017-07-12T21:51:06Z
435,Slackline Belfast,Community,Medium,United Kingdom,Belfast,54.5972900390625,-5.93011999130249,,https://www.facebook.com/groups/BelfastSlack,,,Nir Avneyon,2017-07-12T21:51:06Z
436,Slackline Ankara,Community,Medium,Turkey,Ankara,39.9333610534668,32.8597412109375,,https://www.facebook.com/groups/slacklineankara,,,Nir Avneyon,2017-07-12T21:51:06Z
437,Slackline Göteborg,Community,Medium,Sweden,Göteborg,57.73728942871094,11.971360206604,,https://www.facebook.com/groups/5695569041,,,Nir Avneyon,2017-07-12T21:51:06Z
438,Aclimaroots Slackline - SP,Community,Medium,Brazil,Aclimação,-23.57148933410645,-46.6309700012207,,https://www.facebook.com/groups/162481947176658,,,Nir Avneyon,2017-07-12T21:51:06Z
439,Slackline Sarajevo,Community,Medium,Bosnia and Herzegovina,Sarajevo,43.85625839233398,18.4130802154541,,https://www.facebook.com/groups/slacklinesarajevo,,,Nir Avneyon,2017-07-12T21:51:06Z
440,Georgian Slackline / სლექლაინი,Community,Medium,Georgia,Tbilisi,41.7151377,44.827096,,https://www.facebook.com/groups/1406012539710551,https://www.facebook.com/slacklinegeorgia,,Nir Avneyon,2017-07-12T21:51:06Z
441,Slackline La Plata,Community,Medium,Argentina,La Plata,-34.92049026489258,-57.95357131958008,,https://www.facebook.com/groups/300277126679860,,,Nir Avneyon,2017-07-12T21:51:06Z
442,Annecy Slackline,Community,Medium,France,Annecy,45.89925003051758,6.12938404083252,,https://www.facebook.com/groups/376860022360634,,,Nir Avneyon,2017-07-12T21:51:06Z
443,Slackline Curitiba,Community,Large,Brazil,Curitiba,-25.4289493560791,-49.26713943481445,,https://www.facebook.com/groups/283410578354121,,,Nir Avneyon,2017-07-12T21:51:06Z
444,de Pakhuys,Camp,Large,South Africa,de Pakhuys,-32.12067031860352,19.05956077575684,,https://www.facebook.com/groups/depakhuys/,,,Nir Avneyon,2017-07-12T21:51:06Z
445,City Slackers,Community,Small,South Africa,"De Waal Park, Cape Town",-33.93635177612305,18.41239929199219,,https://www.facebook.com/groups/cityslackers/,,,Nir Avneyon,2017-07-12T21:51:06Z
446,SlackLine Itabuna,Community,Medium,Brazil,Itabuna,-14.78802967071533,-39.27841949462891,,https://www.facebook.com/groups/488137804559659,,,Nir Avneyon,2017-07-12T21:51:06Z
447,Slackline Tucano,Community,Medium,Brazil,Tucano,-10.95882034301758,-38.78976058959961,,https://www.facebook.com/groups/307343875993477,,,Nir Avneyon,2017-07-12T21:51:06Z
448,Slackline  - Sombrio/Balneário Gaivota,Community,Medium,Brazil,Balneário Gaivota,-29.15468978881836,-49.58090972900391,,https://www.facebook.com/groups/513460102059808,,,Nir Avneyon,2017-07-12T21:51:06Z
449,Slackline - Linhares,Community,Small,Brazil,Linhares,-19.39466094970703,-40.06526947021484,,https://www.facebook.com/groups/399444276779625,,,Nir Avneyon,2017-07-12T21:51:06Z
450,SLACKLINE JACOBINA,Community,Medium,Brazil,Jacobina,-11.18165016174316,-40.51205825805664,,https://www.facebook.com/groups/207164352712261,,,Nir Avneyon,2017-07-12T21:51:06Z
451,Slackline Baixada - GUARUJÁ,Community,Medium,Brazil,Guarujá,-23.99490928649902,-46.25687026977539,,https://www.facebook.com/groups/266363383420116,,,Nir Avneyon,2017-07-12T21:51:06Z
452,Slackchat,Community,Huge,*International*,,,,,https://www.facebook.com/groups/slackchat,,,Nir Avneyon,2017-07-12T21:51:06Z
453,Slackile974,Community,Large,Réunion,Réunion,-21.11514091491699,55.53638076782227,http://slackline974.org/,,https://www.facebook.com/Slackline974/,All about Slackline at Reunion Island,Nir Avneyon,2017-07-12T21:51:06Z
454,Joburg Slack Sessions,Community,Small,South Africa,Johannesburg,-26.20409965515137,28.04730033874512,,https://www.facebook.com/groups/822345764505845,,,Nir Avneyon,2017-07-12T21:51:06Z
455,The Steamboat Springs Slackliners,Community,Medium,United States,Steamboat Springs,40.48498153686523,-106.8317031860352,,,https://www.facebook.com/SteamboatSpringsSlackliners/,,Nir Avneyon,2017-07-12T21:51:06Z
456,Slackline Bishkek,Community,Small,Kyrgyzstan,Bishkek,42.87461853027344,74.56976318359375,,https://www.facebook.com/slacklinebishkek/,,,Nir Avneyon,2017-07-12T21:51:06Z
457,LOS LOCOS DE LA CINTA - Buenos Aires,Community,Huge,Argentina,Buenos Aires,-34.60367965698242,-58.38156127929688,,https://www.facebook.com/groups/slacklinebuenosaires/,,,Nir Avneyon,2017-07-12T21:51:06Z
458,San Jose Slackliners,Community,Small,United States,San Jose,37.33821105957031,-121.8862991333008,,https://www.facebook.com/groups/733100326752441/,,,Nir Avneyon,2017-07-12T21:51:06Z
459,Slackline Lebanon,Community,Small,Lebanon,,33.85472106933594,35.86228942871094,,https://www.facebook.com/groups/196219180736179/,,,Nir Avneyon,2017-07-12T21:51:06Z
460,Preston Slackliners,Community,Small,United Kingdom,Preston,53.76319885253906,-2.703089952468872,,https://www.facebook.com/groups/1088546777848868/,,,Nir Avneyon,2017-07-12T21:51:06Z
461,Slackline Iceland,Community,Small,Iceland,,64.96305084228516,-19.02083969116211,,https://www.facebook.com/groups/1317408388377662,,,Nir Avneyon,2017-07-12T21:51:06Z
462,Slackline Mérida,Community,Medium,Mexico,Mérida,20.96736907958984,-89.59258270263672,,,https://www.facebook.com/slacklinemerida/,,Nir Avneyon,2017-07-12T21:51:06Z
463,Southern Maine Slacklining,Community,Tiny,United States,Southern Maine,43.66146850585938,-70.25533294677734,,https://www.facebook.com/groups/1484172418502134/,,,Nir Avneyon,2017-07-12T21:51:06Z
464,Slackline Taipei,Community,Medium,Taiwan,Taipei,25.0329704284668,121.5653991699219,,https://www.facebook.com/groups/slacklinetaipei/,,,Nir Avneyon,2017-07-12T21:51:06Z
465,SlackChat: Michigan,Community,Small,United States,Michigan,44.31484985351563,-85.60236358642578,,https://www.facebook.com/groups/450028061708830/,,,Nir Avneyon,2017-07-12T21:51:06Z
466,Slackline Toscana A.S.D,Community,Large,Italy,Toscana,43.77104949951172,11.24862003326416,,,https://www.facebook.com/slacklinetoscana/,,Nir Avneyon,2017-07-12T21:51:06Z
467,Slacklining Hong Kong,Community,Large,Hong Kong,,22.39642906188965,114.1094970703125,,,https://www.facebook.com/SlackliningHongKong/,,Nir Avneyon,2017-07-12T21:51:06Z
468,Atlanta Slackers,Community,Medium,United States,Atlanta,33.74900054931641,-84.38799285888672,,https://www.facebook.com/groups/422589797883010/,,,Nir Avneyon,2017-07-12T21:51:06Z
469,Slackline Kalamata,Community,Tiny,Greece,Kalamata,37.04224014282227,22.1141300201416,,https://www.facebook.com/groups/998901500195809/,,,Nir Avneyon,2017-07-12T21:51:06Z
470,Slackline Canarias,Community,Medium,Spain,Canary Islands,28.29155921936035,-16.62912940979004,,,https://www.facebook.com/Slackline-Canarias-1173353029384051/,,Nir Avneyon,2017-07-12T21:51:06Z
471,Slackline Abruzzo,Community,Medium,Italy,Abruzzo,42.19200897216797,13.72891998291016,,,https://www.facebook.com/abruzzoslackline/,,Nir Avneyon,2017-07-12T21:51:06Z
472,Slacklife,Community,Huge,*International*,,,,,https://www.facebook.com/groups/131122536978619/,,,Nir Avneyon,2017-07-12T21:51:06Z
473,Slacklife Russia,Community,Small,Russian Federation,,61.52400970458984,105.3188018798828,,https://www.facebook.com/slackliferus/,,,Nir Avneyon,2017-07-12T21:51:06Z
474,Coventry Slacklining,Community,Small,United Kingdom,Coventry,52.40681838989258,-1.51969301700592,,https://www.facebook.com/groups/835575759905175,,,Nir Avneyon,2017-07-12T21:51:06Z
475,Movimento Slackline Prato,Community,Small,Italy,Prato,43.87770080566406,11.10223007202148,,https://www.facebook.com/groups/497207167142258/,https://www.facebook.com/slacklineprato/,,Nir Avneyon,2017-07-12T21:51:06Z
476,People of Balance - association de slackline,Association,Medium,Switzerland,Nyon,46.38327026367188,6.234785079956055,,,https://www.facebook.com/POB1260,,Nir Avneyon,2017-07-12T21:51:06Z
477,Slackline Olomouc,Association,Large,Czech Republic,Olomouc,49.59378051757813,17.25087928771973,,,https://www.facebook.com/pg/SlacklineOlomouc,,Nir Avneyon,2017-07-12T21:51:06Z
478,Lajny - kdy a kde?,Community,Large,Czech Republic,,49.81748962402344,15.47296047210693,,https://www.facebook.com/groups/slacklinecz,,,Nir Avneyon,2017-07-12T21:51:06Z
479,Pojme natáhnout! (Slackline Třinec),Community,Small,Czech Republic,Třinec,49.67763137817383,18.67078971862793,,https://www.facebook.com/groups/1390430897898137,,,Nir Avneyon,2017-07-12T21:51:06Z
480,Lajny - odkazy,Community,Medium,Czech Republic,,49.81748962402344,15.47296047210693,,https://www.facebook.com/groups/slacklineCZnews,,,Nir Avneyon,2017-07-12T21:51:06Z
481,Lajna Brno,Community,Medium,Czech Republic,Brno,49.19506072998047,16.60684013366699,,https://www.facebook.com/groups/162772360407283,,,Nir Avneyon,2017-07-12T21:51:06Z
482,Lajny - Dobříš a okolí,Community,Tiny,Czech Republic,Dobříš,49.7811393737793,14.16716957092285,,https://www.facebook.com/groups/1579658302309442,,,Nir Avneyon,2017-07-12T21:51:06Z
483,Lajny - Bazár,Market,Medium,Czech Republic,,49.81748962402344,15.47296047210693,,https://www.facebook.com/groups/slacklineczbazar,,,Nir Avneyon,2017-07-12T21:51:06Z
484,Slackline Hradec Králové,Community,Medium,Czech Republic,Hradec Králové,50.21036148071289,15.82520961761475,,https://www.facebook.com/groups/178428682210471,,,Nir Avneyon,2017-07-12T21:51:06Z
485,slackline a climbing K.Vary,Community,Small,Czech Republic,Karlovy Vary,50.23184967041016,12.8719596862793,,https://www.facebook.com/groups/365982720117125,,,Nir Avneyon,2017-07-12T21:51:06Z
486,slackline liberec,Community,Medium,Czech Republic,Liberec,50.76628112792969,15.05434036254883,,https://www.facebook.com/groups/lajnari.lbc,,,Nir Avneyon,2017-07-12T21:51:06Z
487,Perníková lajna,Community,Small,Czech Republic,Pardubice,50.03430938720703,15.78120040893555,,https://www.facebook.com/groups/202419926446209,,,Nir Avneyon,2017-07-12T21:51:06Z
488,Pilsner slackliners,Community,Medium,Czech Republic,Plzen,49.73843002319336,13.37364006042481,,https://www.facebook.com/groups/127897497260437,,,Nir Avneyon,2017-07-12T21:51:06Z
489,Lajna Rožnov a okolí,Community,Small,Czech Republic,Rožnov,49.45853042602539,18.14303016662598,,https://www.facebook.com/groups/124621760907278,,,Nir Avneyon,2017-07-12T21:51:06Z
490,SlacklineLv,Community,Huge,Latvia,,56.87963104248047,24.60318946838379,,,https://www.facebook.com/slacklinelv,,Nir Avneyon,2017-07-12T21:51:06Z
491,Friends of slackline in Bochum!!!,Community,Small,Germany,Bochum,51.48184967041016,7.216236114501953,,https://www.facebook.com/groups/477952575677496/,,,Nir Avneyon,2017-07-12T21:51:06Z
492,Slackline Vorarlberg,Community,Medium,Germany,,51.16569137573242,10.45153045654297,,,https://www.facebook.com/slacklinevorarlberg/,,Nir Avneyon,2017-07-12T21:51:06Z
493,Slack Linkers 91,Association,Medium,France,Essonne,48.45856857299805,2.156941890716553,,https://www.facebook.com/groups/119225124907877/,,,Nir Avneyon,2017-07-12T21:51:06Z
494,Slackline Australia,Association,,Australia,,-25.27440071105957,133.7751007080078,https://slackline.com.au,,,,Nir Avneyon,2017-07-12T21:51:06Z
495,Slackline Australia Gold Coast Tribe,Community,Medium,Australia,Gold Coast,-28.01667022705078,153.3999938964844,,https://www.facebook.com/groups/slacklinegoldcoast/,,,Nir Avneyon,2017-07-12T21:51:06Z
496,Slackline Bundaberg,Community,Tiny,Australia,Bundaberg,-24.86697006225586,152.3509979248047,,https://www.facebook.com/groups/174018779675209,,,Nir Avneyon,2017-07-12T21:51:06Z
497,North Sydney Slackline,Community,Small,Australia,North Sydney,-33.83964920043945,151.2053985595703,,https://www.facebook.com/groups/1551373241857960,,,Nir Avneyon,2017-07-12T21:51:06Z
498,Darwin slacklining community,Community,Tiny,Australia,Darwin,-12.46343994140625,130.8455963134766,,https://www.facebook.com/groups/332360046913669/,,,Nir Avneyon,2017-07-12T21:51:06Z
499,Slackline Fribourg,Community,Small,Switzerland,Fribourg,46.80648040771484,7.161972045898438,,https://www.facebook.com/groups/116524911848389/,,,Nir Avneyon,2017-07-12T21:51:06Z
500,Philly Slackers,Community,Small,United States,Philadelphia,39.95257949829102,-75.16522216796875,,https://www.facebook.com/groups/1155231911207612/,,,Nir Avneyon,2017-07-12T21:51:06Z
501,SLACKROBATS,Community,Medium,*International*,,,,,https://www.facebook.com/groups/1133104230049009,,,Nir Avneyon,2017-07-12T21:51:06Z
502,Slack&run,Community,Large,Réunion,Reunion,-21.11514091491699,55.53638076782227,,https://www.facebook.com/groups/slackchat/permalink/1544365512303987,,,Nir Avneyon,2017-07-12T21:51:06Z
503,Rodeoline/Sagline,Community,Large,*International*,,,,,https://www.facebook.com/groups/1379946232331005/,,,Nir Avneyon,2017-07-12T21:51:06Z
504,Slackline actions Europe,Community,Huge,Germany,,51.1656913757324,10.451530456543,https://www.facebook.com/groups/Highline.Actions.Europe,https://www.facebook.com/groups/Highline.Actions.Europe,,,Nir Avneyon,2017-07-12T21:51:06Z
505,Slack'A Lot,Community,Medium,France,Figeac,44.60829162597656,2.032871007919312,,,https://www.facebook.com/SlackaLot,,Nir Avneyon,2017-07-12T21:51:06Z
506,Slackliners de Polynésie,Community,Medium,French Polynesia,,-17.67974090576172,-149.4067993164063,,https://www.facebook.com/groups/fenuaslackline/,,,Nir Avneyon,2017-07-12T21:51:06Z
507,JoSiTo Camp,Camp,Huge,Turkey,Geyikbayiri,36.875439,30.464962,http://www.josito.de,,https://www.facebook.com/josito.camp,,Nir Avneyon,2017-07-12T21:51:06Z
509,Zona Slackline,Community,Medium,Mexico,Ciudad del Carmen,18.6504879,-91.8074586,,,https://www.facebook.com/ZonaSlackline,,Nir Avneyon,2017-07-12T21:51:06Z
510,SF Slackers,Community,Medium,United States,San Francisco,37.7749295,-122.4194155,,https://www.facebook.com/groups/112437018916868,,,Nir Avneyon,2017-07-12T21:51:06Z
511,Torino sul Filo,Association,Large,Italy,Torino,45.0703393,7.686864,,https://www.facebook.com/torinosulfilo,,,Nir Avneyon,2017-07-12T21:51:06Z
512,Slackline Paris Ourcq,Community,Medium,France,Paris,48.856614,2.3522219,,https://www.facebook.com/groups/577505352458003,,,Nir Avneyon,2017-07-12T21:51:06Z
513,Slackline Club UMN,Community,Medium,United States,University of Minnesota,44.97399,-93.2277285,,,https://www.facebook.com/umnslacklineclub,,Nir Avneyon,2017-07-12T21:51:06Z
514,Balance GDL,Team; Community,Huge,Mexico,Guadalajara,20.6596988,-103.3496092,,,https://www.facebook.com/Balance-Gdl-Slack-Climb-141149489359858/?ref=bookmarks,"Slackline association based on Guadalajara, with around 5 spots nearby (20-30 min by car), 10 highlines  ranging from 27 m up to 110 m ( length) and 17 m - 60 m (height), possibility to install lines up to 150m+. Almost all lines are accessible , we commonly have loose lines ( both poliester and nylon, hand tensioned or little tension by linegrip and webbing pulleys).

Further projects include highlines within the city, events, and new lines ( 100m+). All fellow slackline travelers are welcomed, please send us a message through the website.",Pablo Fraustro,2017-08-01T18:15:35Z
515,SlackLabs,Team; Market; Community,Small,Russian Federation,Moscow,55.755826,37.6173,https://vk.com/slacklabs,https://www.facebook.com/groups/slacklabs/,,,Matvey Orlikov,2017-08-01T20:24:13Z
516,Kyiv Slackline Community,Community,Medium,Ukraine,Kyiv,50.4501,30.5234,,https://www.facebook.com/groups/324988794221682,https://www.facebook.com/kyivslacklinecommunity/,,Oleg Gryaznov,2017-08-01T20:27:13Z
517,Slackline Cascavel,Team; Community,Medium,Brazil,Cascavel,-24.9577771,-53.45951119999999,,https://www.facebook.com/groups/SlacklineCascavel/,https://www.facebook.com/SlacklineCascavel/,,Diogo Paganini,2017-08-01T21:57:32Z
518,Slacklining-Cambridge,Community,Medium,United Kingdom,Cambridgeshire,52.2052973,0.1218195,,https://www.facebook.com/groups/134664093232085/,https://www.facebook.com/groups/134664093232085/,,Linzi Tugwell,2017-08-02T08:34:33Z
519,Vegas Slacklife,Community,Medium,United States,Las Vegas,36.1699412,-115.1398296,,https://www.facebook.com/groups/798358306957010/,,We're a small passionate community of slackliners in the Las Vegas valley. Come join the community and get in on some amazing highlines and relaxing park lines!,Grant Mercer,2017-08-02T16:09:22Z
520,Deutscher Slacklineverband,Association,Medium,Germany,,51.165691,10.451526,https://deutscherslacklineverband.org/,,https://www.facebook.com/deutscherslacklineverband/,The german slackline association!,Philipp Gesing,2017-08-02T17:01:19Z
521,SlackLine Marechal Cândido Rondon,Team; Community,Small,Brazil,Marechal Cândido Rondon,-24.5568725,-54.056788,,https://www.facebook.com/groups/517399981657000/?ref=br_rs,https://www.facebook.com/slacklinemcr/?ref=br_rs,,João Orlando,2017-08-03T00:37:25Z
522,The Northern Lines,Community,Small,Israel,Haifa,32.7940463,34.989571,,https://www.facebook.com/groups/thenorthline,,Haifa and northern Israel,Nir Avneyon,2017-08-03T06:38:14Z
523,Jerusalem Slackline,Community,Small,Israel,Jerusalem,31.768319,35.21371,,https://www.facebook.com/groups/429721663821139,,,Nir Avneyon,2017-08-03T06:41:12Z
524,Slackline Zelenograd,Team,,Russian Federation,"Зеленоград, Парк Победы",55.9890566,37.215118,https://vk.com/slackline_zel,,,"Welcome! :)
Tenderness is our best trait!",Dmitry Puzyrev,2017-08-05T04:22:39Z
525,SLACK9,Team,Medium,Japan,Fukuoka,33.5903547,130.4017155,http://slack9.com,https://www.facebook.com/groups/155602281257578/,https://www.facebook.com/slacklinekyushu/,Slacklining in kyusyu.,Seiki Gondo,2017-08-05T16:07:26Z
526,SlackLine Perm,Community,,Russian Federation,Perm,58.02968129999999,56.2667916,https://vk.com/slackline_perm,,,,Дерюшев Евгений,2017-08-05T18:59:23Z
527,SlackBalance,Team; Camp; Community,,Russian Federation,Челябинск алое поле,55.16179349999999,61.3912053,https://vk.com/slackbalance,,,Training takes place near the stone bridge,Evgeniy KHamatov,2017-08-05T20:45:32Z
528,Slackline Verband,Association,Medium,Austria,,47.516231,14.550072,http://slacklineverband.com/,,https://www.facebook.com/SlacklineVerband/,Official austrian slackline association,Helmut Netzwerker,2017-08-06T08:38:41Z
529,Dnipro Slackline,Community,Medium,Ukraine,Dnipro,48.464717,35.046183,,https://www.facebook.com/slackline.dp,,,Stanislav Paniuta,2017-08-09T06:49:20Z
530,Slack Rennes,Community,Medium,France,Rennes,48.117266,-1.6777926,,https://www.facebook.com/groups/renneslack/,,,Julián Bufón,2017-08-21T12:58:26Z
531,BZ Slack,Association,Medium,France,Rennes,48.117266,-1.6777926,,,https://www.facebook.com/bzslack/,,Julián Bufón,2017-08-21T12:59:38Z
532,Lemovi'Slack,Community,Medium,France,Limoges,45.83361900000001,1.261105,,https://www.facebook.com/groups/LemoviSlack/,,,Julián Bufón,2017-08-21T13:00:47Z
533,AlsaSlack,Association,Medium,France,Mulhouse,47.750839,7.335888,https://alsaslack.jimdo.com/,https://www.facebook.com/groups/1600993676823144/,https://www.facebook.com/AlsaSlack/,,Isabelle Meyer,2017-08-21T15:11:49Z
534,Slackline v Bratislave,Community,Medium,Slovakia,Bratislava,48.1485965,17.1077478,,https://www.facebook.com/groups/329802183822088/,,,Žofka Fň,2017-08-21T17:17:18Z
535,Slackline SK - kedy a kde?,Community,Medium,Slovakia,Slovakia,48.669026,19.699024,,https://www.facebook.com/groups/slacklineSK/,,,Žofka Fň,2017-08-21T17:19:09Z
536,Slack Mans 5,Community,Small,France,Sarthe le mans,48.00611000000001,0.199556,,https://www.facebook.com/groups/241268196063444/,,Slack Mans 5 ! (Slackline Sarthe Le Mans),Pierre Champion,2017-08-21T20:42:23Z
537,Slack timbanque,Association,,France,Tours,47.394144,0.68484,,,https://fr-fr.facebook.com/slacktimbanque/,,Mathieu Forteau,2017-08-22T09:56:50Z
538,Tampa Bay Slackers,Community,Tiny,United States,"Tampa Bay, Florida",27.763383,-82.5436722,,https://www.facebook.com/groups/333675477093193,,,Nir Avneyon,2017-08-26T22:51:25Z
539,Team Balance,Association; Team; Community,Medium,Austria,Klagenfurt,46.6364598,14.3122246,http://www.teambalance.at/,,https://www.facebook.com/slacklineverein.teambalance,,Helmut Netzwerker,2017-08-27T06:05:00Z
540,Slackline Vorarlberg,Association; Team; Community,Medium,Austria,Vorarlberg,47.2497427,9.9797373,,https://www.facebook.com/groups/239213182939946/,https://www.facebook.com/slacklinevorarlberg/,,Helmut Netzwerker,2017-08-27T06:08:38Z
541,Slackline.at,Association; Team; Community,Huge,Austria,Graz,47.070714,15.439504,http://www.slackline.at/j/,,https://www.facebook.com/Slackline.at/,,Helmut Netzwerker,2017-08-27T06:11:44Z
542,Slackline Lorient,Community,Small,France,Lorient,47.7482524,-3.3702449,,https://www.facebook.com/groups/slack.an.orient/,,,Robin Miché,2017-08-31T12:58:08Z
543,Slackline vannes,Community,Tiny,France,vannes,47.658236,-2.760847,,https://www.facebook.com/groups/302490183432410/,,Vannes - Auray,Robin Miché,2017-08-31T12:59:47Z
544,Comunidad Guanajuatense de Slackline,Team; Community,Small,Mexico,Guanajuato,21.0190145,-101.2573586,,https://www.facebook.com/groups/299677047112166,,Comunidad Guanajuatense de Slackline,Ivan Samaniego,2017-09-20T09:02:17Z
545,Slackline Katmandou,Community,Tiny,Nepal,Katmandou,27.7172453,85.3239605,,https://www.facebook.com/groups/792678837557225/,,,Nir Avneyon,2017-09-20T09:14:05Z
546,Slackliner Halle,Association,,Germany,Halle,51.4969802,11.9688029,https://www.slacklinerhalle.de/,,https://www.facebook.com/slacklinehalle/,First Slackline Club in the federal state of Sachsen-Anhalt - since 2015.,SlackFeed Bot,2017-09-27T19:59:21Z
547,Slackline STL,Community,,United States,"St. Louis, Missouri",38.6270025,-90.19940419999999,,https://www.facebook.com/groups/335648746489189,,,Nir Avneyon,2017-09-28T19:55:48Z
548,Purdue Slacklining Club,Community,,United States,"Purdue University, West Lafayette, IN",40.4237054,-86.92119459999999,,https://www.facebook.com/groups/277987682364466,,,Nir Avneyon,2017-09-28T19:56:55Z
549,Slackline NiNo,Community,,Russian Federation,Нижний Новгород,56.2965039,43.93605900000001,https://vk.com/slackline_nino,,,"There is no facebook page for community, but it exists.",Dmitriy Pyatkin,2017-10-09T13:36:42Z
550,YarSlack,Community,,Russian Federation,Yaroslavl,57.62607440000001,39.8844709,https://vk.com/yarslack,,,"Just beginners, heh :)",Ann Sandler,2017-10-10T15:08:02Z
551,Free Dôme Line,Association,,France,"Clermont Ferrand, Auvergne",45.77722199999999,3.087025,,,https://www.facebook.com/OFreeDomeLine,,Nir Avneyon,2017-10-12T16:12:29Z
552,Värmland Slackline Sällskap,Community,,Sweden,Karlstad,59.4021806,13.5114978,,https://www.facebook.com/groups/231364833731302,,,Nir Avneyon,2017-10-12T16:13:21Z
553,Mountain Club of Kenya,Association; Community,,Kenya,,-0.023559,37.906193,,https://www.facebook.com/groups/mountainclubkenya/,,There are a couple of slackliners in this group. They also have some pretty cool climbing going on there.,Nir Avneyon,2017-11-12T18:31:13Z
554,SLACKLIFE MEDALLO - Comunidad SlackLine Medellin,Community,,Colombia,Medellin,6.244203,-75.5812119,,https://www.facebook.com/groups/321461264640064/,,"Grupo abierto de Slackline. La idea es crear un grupo para que la gente aprenda a hacer slackline, tanto como ejercicio como diversion. atraves de este medio, intentamos llegarle a todo el que este interesado en practicar, y llegar a tener un equipo de slackline de aca medallo.


Slack Life- la enseañanza atraves del SLACK,
vivir la vida en balance.
tomarse su tiempo, meditar. despejar la mente, dejar todas las dudas y las preocupaciones atras. dejar que el cuerpo solo se mueva y se sienta separado de la tierra.
es sentir, volar, relajarse y dejarse llevar, hacia adelante, en el punto fijo. donde uno clava la mirada y hace todo para llegar a el. a ese punto tenemos que llegar todos.",Andrés Rojas,2017-12-15T20:19:44Z
555,Vida en el Aire,Team,,Colombia,Bogota,4.710988599999999,-74.072092,,,https://www.facebook.com/lavidaenelaire/,"Colectivo de Co-creadores, Deportistas y Artistas Aéreos, practicantes de Slackline y Aéreos de Circo, en busca de la vida en la Naturaleza .",Andrés Rojas,2017-12-15T20:21:44Z
556,Slackline Tribe,Team,,Russian Federation,Moscow,55.755826,37.6172999,,,https://www.facebook.com/slacktribe.msk,Happy to slack and highline together),Anna Vlasova,2018-03-13T18:28:52Z
557,名古屋スラックライン Slackline Nagoya,Community,,Japan,Nagoya,35.1814464,136.906398,,https://www.facebook.com/groups/slackline.nagoya/,,"初心者でも上級者でも、いつでもどこでも一緒に集まってスラックラインを楽しみましょう。

All abilities.

Slackline, hang out in the park, meet new people or learn some new tricks.

Organise a meetup anywhere anytime
or just post if you're going to slack somewhere and maybe someone will join you.",Neeson Champion,2018-05-10T01:05:55Z
558,Comunidad Slackline Veracruz,Community,,Mexico,Veracruz,19.173773,-96.1342241,,https://www.facebook.com/groups/256733514468128/,https://www.facebook.com/comunidadslacklinecordoba/,Comunidad de slackline en el estado de Veracruz,Tony Quezada,2018-06-30T01:38:37Z
559,Slackline Jordan,Community,,Jordan,,30.585164,36.238414,,https://www.facebook.com/groups/576231622421941,,,Nir Avneyon,2018-07-03T15:58:45Z
560,STRASLINE,Community,,France,Strasbourg,48.5734053,7.752111299999999,,https://www.facebook.com/groups/Straslines,,,Nir Avneyon,2018-07-13T15:51:07Z
561,Myanmar Slackline Community,Community,,Myanmar,,21.916221,95.955974,,,https://www.facebook.com/MyanmarSlacklineCommunity,,Nir Avneyon,2018-11-27T21:30:29Z
562,Slackline querétaro,Community,,Mexico,queretaro,20.5887932,-100.3898881,,https://www.facebook.com/queretaroslackline/,,"A very nice community in the center of the country, you can join us whenever you want. 
Urban Middlelines, a slackline school, the first slackpark in México and a friendy members, have to slacklife with us :)",Adair Sanchez,2019-04-02T15:47:13Z
563,Slack Egypt,Community,,Egypt,,26.2540493,29.2675469,,https://www.facebook.com/groups/2235426153164896,https://www.facebook.com/pg/slackegypt,,Nir Avneyon,2020-02-26T20:04:03Z
564,Slackline Montreal,Community,,Canada,Montreal,45.4972159,-73.6103642,http://slacklinemtl.com,https://www.facebook.com/groups/slacklinemontreal/,https://m.facebook.com/profile.php?id=504181576385753&ref=content_filter,,Julien Desforges,2020-04-21T20:30:07Z
565,Viper Slacklines Community,Community,,South Africa,Cape Town,-33.928992,18.417396,https://www.viperslacklines.com,https://www.facebook.com/groups/114471375926610/,https://www.facebook.com/ViperSlacklines/,"We are cape town based slackline community and slackline manufacturer that holds 1-4 monthly slackline days  from waterlines, beach lines, park lines, rodeo lines, yoga lines and more as well as weekly trickline training sessions over a state of the art indoor foam pit.",Anton Schroegendorfer,2020-05-02T22:52:38Z
566,Córdoba Slackline,Association; Community,,Argentina,Córdoba,-31.4173391,-64.183319,https://www.facebook.com/Asociaci%C3%B3n-slackline-C%C3%B3rdoba-2244268762299907/,,,"Página en facebook y Instagrame, asociación Slackline Córdoba, Córdoba slackline.
 está inactiva, estamos a la espera de que el Administrador ceda su puesto para alguien con iniciativas de activarla.",Federico Zurcher,2021-03-23T15:15:05Z
567,Slackline Bosnia and Herzegovina,Community,,Bosnia and Herzegovina,,44.3053476,17.5961467,https://www.facebook.com/groups/851385948610847,https://www.facebook.com/groups/851385948610847,https://www.facebook.com/groups/851385948610847,BiH community,Adin Pinjo,2021-04-21T09:31:32Z
